ISO-10303-21;
HEADER;
/*Generated by software containing ST-Developer
 * from STEP Tools, Inc. (www.steptools.com) 
 */
/*OPTION: using custom renumber hook */
/*description */
/*implementation_level */
FILE_DESCRIPTION(('STEP AP242 Edition 2','STEP AP242 Edition 2''CAx-IF Rec.Pracs.---Representation and Presentation of Product Manufa
cturing Information (PMI)---4.0---2014-10-13','STEP AP242 Edition 2''CAx-IF Rec.Pracs.---Representation and Presentation of Product Manufa
cturing Information (PMI)---4.0---2014-10-13''CAx-IF Rec.Pracs.---3D Tessellated Geometry---0.4---2014-09-14','STEP AP242 Edition 2''CAx-IF Rec.Pracs.---Representation and Presentation of Product Manufa
cturing Information (PMI)---4.0---2014-10-13''CAx-IF Rec.Pracs.---3D Tessellated Geometry---0.4---2014-09-14''2;1','STEP AP242 Edition 2''CAx-IF Rec.Pracs.---Representation and Presentation of Product Manufa
cturing Information (PMI)---4.0---2014-10-13''CAx-IF Rec.Pracs.---3D Tessellated Geometry---0.4---2014-09-14''2;1''CAx-IF Rec.Pracs.---User Defined Attributes---1.5---2016-08-15'),'2;1');
/*name */
/*time_stamp */
/*author */
/*organization */
/*preprocessor_version */
/*originating_system */
/*authorisation */
FILE_NAME('/vol/tmp/translate-1510588792543108924/Motor&Mount&Wheel - Wheel.step','2026-03-09T15:37:43',(''),(''),'ST-DEVELOPER v20','ONSHAPE BY PTC INC, 1.211','  ');
FILE_SCHEMA(('AP242_MANAGED_MODEL_BASED_3D_ENGINEERING_MIM_LF { 1 0 10303 442 3 1 4 }'));
ENDSEC;
DATA;
#10=SHAPE_REPRESENTATION_RELATIONSHIP('','',#2521,#11);
#11=ADVANCED_BREP_SHAPE_REPRESENTATION('',(#2519),#4066);
#12=TOROIDAL_SURFACE('',#2671,0.01905,0.00254);
#13=TOROIDAL_SURFACE('',#2672,0.01397,0.00254);
#14=PLANE('',#2525);
#15=PLANE('',#2541);
#16=PLANE('',#2542);
#17=PLANE('',#2543);
#18=PLANE('',#2544);
#19=PLANE('',#2545);
#20=PLANE('',#2546);
#21=PLANE('',#2547);
#22=PLANE('',#2548);
#23=PLANE('',#2549);
#24=PLANE('',#2564);
#25=PLANE('',#2565);
#26=PLANE('',#2566);
#27=PLANE('',#2567);
#28=PLANE('',#2568);
#29=PLANE('',#2569);
#30=PLANE('',#2570);
#31=PLANE('',#2571);
#32=PLANE('',#2573);
#33=PLANE('',#2574);
#34=PLANE('',#2575);
#35=PLANE('',#2576);
#36=PLANE('',#2577);
#37=PLANE('',#2578);
#38=PLANE('',#2579);
#39=PLANE('',#2580);
#40=PLANE('',#2582);
#41=PLANE('',#2583);
#42=PLANE('',#2584);
#43=PLANE('',#2585);
#44=PLANE('',#2586);
#45=PLANE('',#2587);
#46=PLANE('',#2588);
#47=PLANE('',#2589);
#48=PLANE('',#2591);
#49=PLANE('',#2592);
#50=PLANE('',#2593);
#51=PLANE('',#2594);
#52=PLANE('',#2595);
#53=PLANE('',#2596);
#54=PLANE('',#2597);
#55=PLANE('',#2598);
#56=PLANE('',#2600);
#57=PLANE('',#2601);
#58=PLANE('',#2602);
#59=PLANE('',#2603);
#60=PLANE('',#2604);
#61=PLANE('',#2605);
#62=PLANE('',#2606);
#63=PLANE('',#2607);
#64=PLANE('',#2609);
#65=PLANE('',#2610);
#66=PLANE('',#2611);
#67=PLANE('',#2612);
#68=PLANE('',#2613);
#69=PLANE('',#2614);
#70=PLANE('',#2615);
#71=PLANE('',#2616);
#72=PLANE('',#2618);
#73=PLANE('',#2619);
#74=PLANE('',#2620);
#75=PLANE('',#2621);
#76=PLANE('',#2622);
#77=PLANE('',#2623);
#78=PLANE('',#2624);
#79=PLANE('',#2625);
#80=PLANE('',#2627);
#81=PLANE('',#2628);
#82=PLANE('',#2629);
#83=PLANE('',#2630);
#84=PLANE('',#2631);
#85=PLANE('',#2632);
#86=PLANE('',#2633);
#87=PLANE('',#2634);
#88=PLANE('',#2636);
#89=PLANE('',#2637);
#90=PLANE('',#2638);
#91=PLANE('',#2639);
#92=PLANE('',#2640);
#93=PLANE('',#2641);
#94=PLANE('',#2642);
#95=PLANE('',#2643);
#96=PLANE('',#2645);
#97=PLANE('',#2646);
#98=PLANE('',#2647);
#99=PLANE('',#2648);
#100=PLANE('',#2649);
#101=PLANE('',#2650);
#102=PLANE('',#2651);
#103=PLANE('',#2652);
#104=PLANE('',#2654);
#105=PLANE('',#2655);
#106=PLANE('',#2656);
#107=PLANE('',#2657);
#108=PLANE('',#2658);
#109=PLANE('',#2659);
#110=PLANE('',#2660);
#111=PLANE('',#2661);
#112=PLANE('',#2666);
#113=PLANE('',#2676);
#114=PLANE('',#2683);
#115=PLANE('',#2684);
#116=B_SPLINE_CURVE_WITH_KNOTS('',3,(#3332,#3333,#3334,#3335,#3336,#3337),.UNSPECIFIED.,.F.,.F.,(4,1,1,4),(0.00920042749643563,0.01181128632759,0.0131167157431672,0.0144221451587443),.UNSPECIFIED.);
#117=B_SPLINE_CURVE_WITH_KNOTS('',3,(#4010,#4011,#4012,#4013,#4014,#4015,#4016),.UNSPECIFIED.,.F.,.F.,(4,1,1,1,4),(0.0013259394873616,0.00263177768029829,0.00393761587323499,0.00524345406617169,0.00654929225910838),.UNSPECIFIED.);
#118=B_SPLINE_CURVE_WITH_KNOTS('',3,(#4040,#4041,#4042,#4043,#4044),.UNSPECIFIED.,.F.,.F.,(4,1,4),(1.13194029983754E-17,0.000640534298595746,0.00128106859719148),.UNSPECIFIED.);
#119=B_SPLINE_CURVE_WITH_KNOTS('',3,(#4049,#4050,#4051,#4052,#4053),.UNSPECIFIED.,.F.,.F.,(4,1,4),(2.14858125621287E-17,0.00064053429859576,0.0012810685971915),.UNSPECIFIED.);
#120=LINE('',#3330,#434);
#121=LINE('',#3339,#435);
#122=LINE('',#3341,#436);
#123=LINE('',#3344,#437);
#124=LINE('',#3348,#438);
#125=LINE('',#3350,#439);
#126=LINE('',#3352,#440);
#127=LINE('',#3354,#441);
#128=LINE('',#3356,#442);
#129=LINE('',#3358,#443);
#130=LINE('',#3360,#444);
#131=LINE('',#3362,#445);
#132=LINE('',#3366,#446);
#133=LINE('',#3368,#447);
#134=LINE('',#3370,#448);
#135=LINE('',#3372,#449);
#136=LINE('',#3374,#450);
#137=LINE('',#3376,#451);
#138=LINE('',#3378,#452);
#139=LINE('',#3380,#453);
#140=LINE('',#3384,#454);
#141=LINE('',#3386,#455);
#142=LINE('',#3388,#456);
#143=LINE('',#3390,#457);
#144=LINE('',#3392,#458);
#145=LINE('',#3394,#459);
#146=LINE('',#3396,#460);
#147=LINE('',#3398,#461);
#148=LINE('',#3402,#462);
#149=LINE('',#3404,#463);
#150=LINE('',#3406,#464);
#151=LINE('',#3408,#465);
#152=LINE('',#3410,#466);
#153=LINE('',#3412,#467);
#154=LINE('',#3414,#468);
#155=LINE('',#3416,#469);
#156=LINE('',#3420,#470);
#157=LINE('',#3422,#471);
#158=LINE('',#3424,#472);
#159=LINE('',#3426,#473);
#160=LINE('',#3428,#474);
#161=LINE('',#3430,#475);
#162=LINE('',#3432,#476);
#163=LINE('',#3434,#477);
#164=LINE('',#3438,#478);
#165=LINE('',#3440,#479);
#166=LINE('',#3442,#480);
#167=LINE('',#3444,#481);
#168=LINE('',#3446,#482);
#169=LINE('',#3448,#483);
#170=LINE('',#3450,#484);
#171=LINE('',#3452,#485);
#172=LINE('',#3456,#486);
#173=LINE('',#3458,#487);
#174=LINE('',#3460,#488);
#175=LINE('',#3462,#489);
#176=LINE('',#3464,#490);
#177=LINE('',#3466,#491);
#178=LINE('',#3468,#492);
#179=LINE('',#3470,#493);
#180=LINE('',#3474,#494);
#181=LINE('',#3476,#495);
#182=LINE('',#3478,#496);
#183=LINE('',#3480,#497);
#184=LINE('',#3482,#498);
#185=LINE('',#3484,#499);
#186=LINE('',#3486,#500);
#187=LINE('',#3488,#501);
#188=LINE('',#3492,#502);
#189=LINE('',#3494,#503);
#190=LINE('',#3496,#504);
#191=LINE('',#3498,#505);
#192=LINE('',#3500,#506);
#193=LINE('',#3502,#507);
#194=LINE('',#3504,#508);
#195=LINE('',#3506,#509);
#196=LINE('',#3510,#510);
#197=LINE('',#3512,#511);
#198=LINE('',#3514,#512);
#199=LINE('',#3516,#513);
#200=LINE('',#3518,#514);
#201=LINE('',#3520,#515);
#202=LINE('',#3522,#516);
#203=LINE('',#3524,#517);
#204=LINE('',#3528,#518);
#205=LINE('',#3530,#519);
#206=LINE('',#3532,#520);
#207=LINE('',#3534,#521);
#208=LINE('',#3536,#522);
#209=LINE('',#3538,#523);
#210=LINE('',#3540,#524);
#211=LINE('',#3542,#525);
#212=LINE('',#3546,#526);
#213=LINE('',#3548,#527);
#214=LINE('',#3550,#528);
#215=LINE('',#3552,#529);
#216=LINE('',#3554,#530);
#217=LINE('',#3556,#531);
#218=LINE('',#3561,#532);
#219=LINE('',#3566,#533);
#220=LINE('',#3569,#534);
#221=LINE('',#3570,#535);
#222=LINE('',#3572,#536);
#223=LINE('',#3574,#537);
#224=LINE('',#3576,#538);
#225=LINE('',#3578,#539);
#226=LINE('',#3580,#540);
#227=LINE('',#3582,#541);
#228=LINE('',#3584,#542);
#229=LINE('',#3586,#543);
#230=LINE('',#3588,#544);
#231=LINE('',#3590,#545);
#232=LINE('',#3592,#546);
#233=LINE('',#3594,#547);
#234=LINE('',#3596,#548);
#235=LINE('',#3598,#549);
#236=LINE('',#3602,#550);
#237=LINE('',#3604,#551);
#238=LINE('',#3606,#552);
#239=LINE('',#3608,#553);
#240=LINE('',#3610,#554);
#241=LINE('',#3612,#555);
#242=LINE('',#3614,#556);
#243=LINE('',#3616,#557);
#244=LINE('',#3620,#558);
#245=LINE('',#3622,#559);
#246=LINE('',#3624,#560);
#247=LINE('',#3626,#561);
#248=LINE('',#3628,#562);
#249=LINE('',#3630,#563);
#250=LINE('',#3632,#564);
#251=LINE('',#3634,#565);
#252=LINE('',#3638,#566);
#253=LINE('',#3640,#567);
#254=LINE('',#3642,#568);
#255=LINE('',#3644,#569);
#256=LINE('',#3646,#570);
#257=LINE('',#3648,#571);
#258=LINE('',#3650,#572);
#259=LINE('',#3652,#573);
#260=LINE('',#3656,#574);
#261=LINE('',#3658,#575);
#262=LINE('',#3660,#576);
#263=LINE('',#3662,#577);
#264=LINE('',#3664,#578);
#265=LINE('',#3666,#579);
#266=LINE('',#3668,#580);
#267=LINE('',#3670,#581);
#268=LINE('',#3674,#582);
#269=LINE('',#3676,#583);
#270=LINE('',#3678,#584);
#271=LINE('',#3680,#585);
#272=LINE('',#3682,#586);
#273=LINE('',#3684,#587);
#274=LINE('',#3686,#588);
#275=LINE('',#3688,#589);
#276=LINE('',#3692,#590);
#277=LINE('',#3694,#591);
#278=LINE('',#3696,#592);
#279=LINE('',#3698,#593);
#280=LINE('',#3700,#594);
#281=LINE('',#3702,#595);
#282=LINE('',#3704,#596);
#283=LINE('',#3706,#597);
#284=LINE('',#3710,#598);
#285=LINE('',#3712,#599);
#286=LINE('',#3714,#600);
#287=LINE('',#3716,#601);
#288=LINE('',#3718,#602);
#289=LINE('',#3720,#603);
#290=LINE('',#3722,#604);
#291=LINE('',#3724,#605);
#292=LINE('',#3728,#606);
#293=LINE('',#3730,#607);
#294=LINE('',#3732,#608);
#295=LINE('',#3734,#609);
#296=LINE('',#3736,#610);
#297=LINE('',#3738,#611);
#298=LINE('',#3740,#612);
#299=LINE('',#3742,#613);
#300=LINE('',#3746,#614);
#301=LINE('',#3748,#615);
#302=LINE('',#3750,#616);
#303=LINE('',#3752,#617);
#304=LINE('',#3754,#618);
#305=LINE('',#3756,#619);
#306=LINE('',#3758,#620);
#307=LINE('',#3760,#621);
#308=LINE('',#3764,#622);
#309=LINE('',#3766,#623);
#310=LINE('',#3768,#624);
#311=LINE('',#3770,#625);
#312=LINE('',#3772,#626);
#313=LINE('',#3774,#627);
#314=LINE('',#3776,#628);
#315=LINE('',#3778,#629);
#316=LINE('',#3782,#630);
#317=LINE('',#3784,#631);
#318=LINE('',#3786,#632);
#319=LINE('',#3788,#633);
#320=LINE('',#3790,#634);
#321=LINE('',#3792,#635);
#322=LINE('',#3794,#636);
#323=LINE('',#3796,#637);
#324=LINE('',#3802,#638);
#325=LINE('',#3804,#639);
#326=LINE('',#3805,#640);
#327=LINE('',#3807,#641);
#328=LINE('',#3808,#642);
#329=LINE('',#3810,#643);
#330=LINE('',#3812,#644);
#331=LINE('',#3814,#645);
#332=LINE('',#3816,#646);
#333=LINE('',#3818,#647);
#334=LINE('',#3822,#648);
#335=LINE('',#3823,#649);
#336=LINE('',#3825,#650);
#337=LINE('',#3827,#651);
#338=LINE('',#3829,#652);
#339=LINE('',#3831,#653);
#340=LINE('',#3832,#654);
#341=LINE('',#3834,#655);
#342=LINE('',#3836,#656);
#343=LINE('',#3840,#657);
#344=LINE('',#3841,#658);
#345=LINE('',#3843,#659);
#346=LINE('',#3844,#660);
#347=LINE('',#3846,#661);
#348=LINE('',#3848,#662);
#349=LINE('',#3850,#663);
#350=LINE('',#3852,#664);
#351=LINE('',#3854,#665);
#352=LINE('',#3858,#666);
#353=LINE('',#3859,#667);
#354=LINE('',#3861,#668);
#355=LINE('',#3862,#669);
#356=LINE('',#3864,#670);
#357=LINE('',#3866,#671);
#358=LINE('',#3868,#672);
#359=LINE('',#3870,#673);
#360=LINE('',#3872,#674);
#361=LINE('',#3876,#675);
#362=LINE('',#3877,#676);
#363=LINE('',#3879,#677);
#364=LINE('',#3880,#678);
#365=LINE('',#3882,#679);
#366=LINE('',#3884,#680);
#367=LINE('',#3886,#681);
#368=LINE('',#3888,#682);
#369=LINE('',#3890,#683);
#370=LINE('',#3894,#684);
#371=LINE('',#3895,#685);
#372=LINE('',#3897,#686);
#373=LINE('',#3898,#687);
#374=LINE('',#3900,#688);
#375=LINE('',#3902,#689);
#376=LINE('',#3904,#690);
#377=LINE('',#3906,#691);
#378=LINE('',#3908,#692);
#379=LINE('',#3912,#693);
#380=LINE('',#3913,#694);
#381=LINE('',#3915,#695);
#382=LINE('',#3916,#696);
#383=LINE('',#3918,#697);
#384=LINE('',#3920,#698);
#385=LINE('',#3922,#699);
#386=LINE('',#3924,#700);
#387=LINE('',#3926,#701);
#388=LINE('',#3930,#702);
#389=LINE('',#3931,#703);
#390=LINE('',#3933,#704);
#391=LINE('',#3934,#705);
#392=LINE('',#3936,#706);
#393=LINE('',#3938,#707);
#394=LINE('',#3940,#708);
#395=LINE('',#3942,#709);
#396=LINE('',#3944,#710);
#397=LINE('',#3948,#711);
#398=LINE('',#3949,#712);
#399=LINE('',#3951,#713);
#400=LINE('',#3952,#714);
#401=LINE('',#3954,#715);
#402=LINE('',#3956,#716);
#403=LINE('',#3958,#717);
#404=LINE('',#3960,#718);
#405=LINE('',#3962,#719);
#406=LINE('',#3966,#720);
#407=LINE('',#3967,#721);
#408=LINE('',#3969,#722);
#409=LINE('',#3971,#723);
#410=LINE('',#3972,#724);
#411=LINE('',#3973,#725);
#412=LINE('',#3975,#726);
#413=LINE('',#3977,#727);
#414=LINE('',#3978,#728);
#415=LINE('',#3980,#729);
#416=LINE('',#3982,#730);
#417=LINE('',#3984,#731);
#418=LINE('',#3986,#732);
#419=LINE('',#3988,#733);
#420=LINE('',#3990,#734);
#421=LINE('',#3994,#735);
#422=LINE('',#3995,#736);
#423=LINE('',#3997,#737);
#424=LINE('',#3999,#738);
#425=LINE('',#4001,#739);
#426=LINE('',#4003,#740);
#427=LINE('',#4005,#741);
#428=LINE('',#4007,#742);
#429=LINE('',#4030,#743);
#430=LINE('',#4038,#744);
#431=LINE('',#4046,#745);
#432=LINE('',#4047,#746);
#433=LINE('',#4055,#747);
#434=VECTOR('',#2691,1.);
#435=VECTOR('',#2692,1.);
#436=VECTOR('',#2695,1.);
#437=VECTOR('',#2696,1.);
#438=VECTOR('',#2699,1.);
#439=VECTOR('',#2700,1.);
#440=VECTOR('',#2701,1.);
#441=VECTOR('',#2702,1.);
#442=VECTOR('',#2703,1.);
#443=VECTOR('',#2704,1.);
#444=VECTOR('',#2705,1.);
#445=VECTOR('',#2706,1.);
#446=VECTOR('',#2709,1.);
#447=VECTOR('',#2710,1.);
#448=VECTOR('',#2711,1.);
#449=VECTOR('',#2712,1.);
#450=VECTOR('',#2713,1.);
#451=VECTOR('',#2714,1.);
#452=VECTOR('',#2715,1.);
#453=VECTOR('',#2716,1.);
#454=VECTOR('',#2719,1.);
#455=VECTOR('',#2720,1.);
#456=VECTOR('',#2721,1.);
#457=VECTOR('',#2722,1.);
#458=VECTOR('',#2723,1.);
#459=VECTOR('',#2724,1.);
#460=VECTOR('',#2725,1.);
#461=VECTOR('',#2726,1.);
#462=VECTOR('',#2729,1.);
#463=VECTOR('',#2730,1.);
#464=VECTOR('',#2731,1.);
#465=VECTOR('',#2732,1.);
#466=VECTOR('',#2733,1.);
#467=VECTOR('',#2734,1.);
#468=VECTOR('',#2735,1.);
#469=VECTOR('',#2736,1.);
#470=VECTOR('',#2739,1.);
#471=VECTOR('',#2740,1.);
#472=VECTOR('',#2741,1.);
#473=VECTOR('',#2742,1.);
#474=VECTOR('',#2743,1.);
#475=VECTOR('',#2744,1.);
#476=VECTOR('',#2745,1.);
#477=VECTOR('',#2746,1.);
#478=VECTOR('',#2749,1.);
#479=VECTOR('',#2750,1.);
#480=VECTOR('',#2751,1.);
#481=VECTOR('',#2752,1.);
#482=VECTOR('',#2753,1.);
#483=VECTOR('',#2754,1.);
#484=VECTOR('',#2755,1.);
#485=VECTOR('',#2756,1.);
#486=VECTOR('',#2759,1.);
#487=VECTOR('',#2760,1.);
#488=VECTOR('',#2761,1.);
#489=VECTOR('',#2762,1.);
#490=VECTOR('',#2763,1.);
#491=VECTOR('',#2764,1.);
#492=VECTOR('',#2765,1.);
#493=VECTOR('',#2766,1.);
#494=VECTOR('',#2769,1.);
#495=VECTOR('',#2770,1.);
#496=VECTOR('',#2771,1.);
#497=VECTOR('',#2772,1.);
#498=VECTOR('',#2773,1.);
#499=VECTOR('',#2774,1.);
#500=VECTOR('',#2775,1.);
#501=VECTOR('',#2776,1.);
#502=VECTOR('',#2779,1.);
#503=VECTOR('',#2780,1.);
#504=VECTOR('',#2781,1.);
#505=VECTOR('',#2782,1.);
#506=VECTOR('',#2783,1.);
#507=VECTOR('',#2784,1.);
#508=VECTOR('',#2785,1.);
#509=VECTOR('',#2786,1.);
#510=VECTOR('',#2789,1.);
#511=VECTOR('',#2790,1.);
#512=VECTOR('',#2791,1.);
#513=VECTOR('',#2792,1.);
#514=VECTOR('',#2793,1.);
#515=VECTOR('',#2794,1.);
#516=VECTOR('',#2795,1.);
#517=VECTOR('',#2796,1.);
#518=VECTOR('',#2799,1.);
#519=VECTOR('',#2800,1.);
#520=VECTOR('',#2801,1.);
#521=VECTOR('',#2802,1.);
#522=VECTOR('',#2803,1.);
#523=VECTOR('',#2804,1.);
#524=VECTOR('',#2805,1.);
#525=VECTOR('',#2806,1.);
#526=VECTOR('',#2809,1.);
#527=VECTOR('',#2810,1.);
#528=VECTOR('',#2811,1.);
#529=VECTOR('',#2812,1.);
#530=VECTOR('',#2813,1.);
#531=VECTOR('',#2814,1.);
#532=VECTOR('',#2819,1.);
#533=VECTOR('',#2824,1.);
#534=VECTOR('',#2825,1.);
#535=VECTOR('',#2826,1.);
#536=VECTOR('',#2829,1.);
#537=VECTOR('',#2830,1.);
#538=VECTOR('',#2831,1.);
#539=VECTOR('',#2834,1.);
#540=VECTOR('',#2835,1.);
#541=VECTOR('',#2838,1.);
#542=VECTOR('',#2839,1.);
#543=VECTOR('',#2842,1.);
#544=VECTOR('',#2843,1.);
#545=VECTOR('',#2846,1.);
#546=VECTOR('',#2847,1.);
#547=VECTOR('',#2850,1.);
#548=VECTOR('',#2851,1.);
#549=VECTOR('',#2854,1.);
#550=VECTOR('',#2859,1.);
#551=VECTOR('',#2860,1.);
#552=VECTOR('',#2861,1.);
#553=VECTOR('',#2862,1.);
#554=VECTOR('',#2863,1.);
#555=VECTOR('',#2864,1.);
#556=VECTOR('',#2865,1.);
#557=VECTOR('',#2866,1.);
#558=VECTOR('',#2869,1.);
#559=VECTOR('',#2870,1.);
#560=VECTOR('',#2871,1.);
#561=VECTOR('',#2872,1.);
#562=VECTOR('',#2873,1.);
#563=VECTOR('',#2874,1.);
#564=VECTOR('',#2875,1.);
#565=VECTOR('',#2876,1.);
#566=VECTOR('',#2879,1.);
#567=VECTOR('',#2880,1.);
#568=VECTOR('',#2881,1.);
#569=VECTOR('',#2882,1.);
#570=VECTOR('',#2883,1.);
#571=VECTOR('',#2884,1.);
#572=VECTOR('',#2885,1.);
#573=VECTOR('',#2886,1.);
#574=VECTOR('',#2889,1.);
#575=VECTOR('',#2890,1.);
#576=VECTOR('',#2891,1.);
#577=VECTOR('',#2892,1.);
#578=VECTOR('',#2893,1.);
#579=VECTOR('',#2894,1.);
#580=VECTOR('',#2895,1.);
#581=VECTOR('',#2896,1.);
#582=VECTOR('',#2899,1.);
#583=VECTOR('',#2900,1.);
#584=VECTOR('',#2901,1.);
#585=VECTOR('',#2902,1.);
#586=VECTOR('',#2903,1.);
#587=VECTOR('',#2904,1.);
#588=VECTOR('',#2905,1.);
#589=VECTOR('',#2906,1.);
#590=VECTOR('',#2909,1.);
#591=VECTOR('',#2910,1.);
#592=VECTOR('',#2911,1.);
#593=VECTOR('',#2912,1.);
#594=VECTOR('',#2913,1.);
#595=VECTOR('',#2914,1.);
#596=VECTOR('',#2915,1.);
#597=VECTOR('',#2916,1.);
#598=VECTOR('',#2919,1.);
#599=VECTOR('',#2920,1.);
#600=VECTOR('',#2921,1.);
#601=VECTOR('',#2922,1.);
#602=VECTOR('',#2923,1.);
#603=VECTOR('',#2924,1.);
#604=VECTOR('',#2925,1.);
#605=VECTOR('',#2926,1.);
#606=VECTOR('',#2929,1.);
#607=VECTOR('',#2930,1.);
#608=VECTOR('',#2931,1.);
#609=VECTOR('',#2932,1.);
#610=VECTOR('',#2933,1.);
#611=VECTOR('',#2934,1.);
#612=VECTOR('',#2935,1.);
#613=VECTOR('',#2936,1.);
#614=VECTOR('',#2939,1.);
#615=VECTOR('',#2940,1.);
#616=VECTOR('',#2941,1.);
#617=VECTOR('',#2942,1.);
#618=VECTOR('',#2943,1.);
#619=VECTOR('',#2944,1.);
#620=VECTOR('',#2945,1.);
#621=VECTOR('',#2946,1.);
#622=VECTOR('',#2949,1.);
#623=VECTOR('',#2950,1.);
#624=VECTOR('',#2951,1.);
#625=VECTOR('',#2952,1.);
#626=VECTOR('',#2953,1.);
#627=VECTOR('',#2954,1.);
#628=VECTOR('',#2955,1.);
#629=VECTOR('',#2956,1.);
#630=VECTOR('',#2959,1.);
#631=VECTOR('',#2960,1.);
#632=VECTOR('',#2961,1.);
#633=VECTOR('',#2962,1.);
#634=VECTOR('',#2963,1.);
#635=VECTOR('',#2964,1.);
#636=VECTOR('',#2965,1.);
#637=VECTOR('',#2966,1.);
#638=VECTOR('',#2973,1.);
#639=VECTOR('',#2976,1.);
#640=VECTOR('',#2977,1.);
#641=VECTOR('',#2980,1.);
#642=VECTOR('',#2981,1.);
#643=VECTOR('',#2984,1.);
#644=VECTOR('',#2987,1.);
#645=VECTOR('',#2990,1.);
#646=VECTOR('',#2993,1.);
#647=VECTOR('',#2996,1.);
#648=VECTOR('',#3003,1.);
#649=VECTOR('',#3004,1.);
#650=VECTOR('',#3007,1.);
#651=VECTOR('',#3010,1.);
#652=VECTOR('',#3013,1.);
#653=VECTOR('',#3016,1.);
#654=VECTOR('',#3017,1.);
#655=VECTOR('',#3020,1.);
#656=VECTOR('',#3023,1.);
#657=VECTOR('',#3030,1.);
#658=VECTOR('',#3031,1.);
#659=VECTOR('',#3034,1.);
#660=VECTOR('',#3035,1.);
#661=VECTOR('',#3038,1.);
#662=VECTOR('',#3041,1.);
#663=VECTOR('',#3044,1.);
#664=VECTOR('',#3047,1.);
#665=VECTOR('',#3050,1.);
#666=VECTOR('',#3057,1.);
#667=VECTOR('',#3058,1.);
#668=VECTOR('',#3061,1.);
#669=VECTOR('',#3062,1.);
#670=VECTOR('',#3065,1.);
#671=VECTOR('',#3068,1.);
#672=VECTOR('',#3071,1.);
#673=VECTOR('',#3074,1.);
#674=VECTOR('',#3077,1.);
#675=VECTOR('',#3084,1.);
#676=VECTOR('',#3085,1.);
#677=VECTOR('',#3088,1.);
#678=VECTOR('',#3089,1.);
#679=VECTOR('',#3092,1.);
#680=VECTOR('',#3095,1.);
#681=VECTOR('',#3098,1.);
#682=VECTOR('',#3101,1.);
#683=VECTOR('',#3104,1.);
#684=VECTOR('',#3111,1.);
#685=VECTOR('',#3112,1.);
#686=VECTOR('',#3115,1.);
#687=VECTOR('',#3116,1.);
#688=VECTOR('',#3119,1.);
#689=VECTOR('',#3122,1.);
#690=VECTOR('',#3125,1.);
#691=VECTOR('',#3128,1.);
#692=VECTOR('',#3131,1.);
#693=VECTOR('',#3138,1.);
#694=VECTOR('',#3139,1.);
#695=VECTOR('',#3142,1.);
#696=VECTOR('',#3143,1.);
#697=VECTOR('',#3146,1.);
#698=VECTOR('',#3149,1.);
#699=VECTOR('',#3152,1.);
#700=VECTOR('',#3155,1.);
#701=VECTOR('',#3158,1.);
#702=VECTOR('',#3165,1.);
#703=VECTOR('',#3166,1.);
#704=VECTOR('',#3169,1.);
#705=VECTOR('',#3170,1.);
#706=VECTOR('',#3173,1.);
#707=VECTOR('',#3176,1.);
#708=VECTOR('',#3179,1.);
#709=VECTOR('',#3182,1.);
#710=VECTOR('',#3185,1.);
#711=VECTOR('',#3192,1.);
#712=VECTOR('',#3193,1.);
#713=VECTOR('',#3196,1.);
#714=VECTOR('',#3197,1.);
#715=VECTOR('',#3200,1.);
#716=VECTOR('',#3203,1.);
#717=VECTOR('',#3206,1.);
#718=VECTOR('',#3209,1.);
#719=VECTOR('',#3212,1.);
#720=VECTOR('',#3219,1.);
#721=VECTOR('',#3220,1.);
#722=VECTOR('',#3223,1.);
#723=VECTOR('',#3226,1.);
#724=VECTOR('',#3227,1.);
#725=VECTOR('',#3228,1.);
#726=VECTOR('',#3231,1.);
#727=VECTOR('',#3234,1.);
#728=VECTOR('',#3235,1.);
#729=VECTOR('',#3236,1.);
#730=VECTOR('',#3237,1.);
#731=VECTOR('',#3238,1.);
#732=VECTOR('',#3239,1.);
#733=VECTOR('',#3242,1.);
#734=VECTOR('',#3245,1.);
#735=VECTOR('',#3252,1.);
#736=VECTOR('',#3253,1.);
#737=VECTOR('',#3256,1.);
#738=VECTOR('',#3259,1.);
#739=VECTOR('',#3262,1.);
#740=VECTOR('',#3265,1.);
#741=VECTOR('',#3268,1.);
#742=VECTOR('',#3271,1.);
#743=VECTOR('',#3290,1.);
#744=VECTOR('',#3303,1.);
#745=VECTOR('',#3304,1.);
#746=VECTOR('',#3305,1.);
#747=VECTOR('',#3306,1.);
#748=ORIENTED_EDGE('',*,*,#1460,.F.);
#749=ORIENTED_EDGE('',*,*,#1461,.T.);
#750=ORIENTED_EDGE('',*,*,#1462,.F.);
#751=ORIENTED_EDGE('',*,*,#1463,.T.);
#752=ORIENTED_EDGE('',*,*,#1464,.F.);
#753=ORIENTED_EDGE('',*,*,#1465,.F.);
#754=ORIENTED_EDGE('',*,*,#1466,.F.);
#755=ORIENTED_EDGE('',*,*,#1467,.F.);
#756=ORIENTED_EDGE('',*,*,#1468,.F.);
#757=ORIENTED_EDGE('',*,*,#1469,.F.);
#758=ORIENTED_EDGE('',*,*,#1470,.F.);
#759=ORIENTED_EDGE('',*,*,#1471,.F.);
#760=ORIENTED_EDGE('',*,*,#1472,.F.);
#761=ORIENTED_EDGE('',*,*,#1473,.F.);
#762=ORIENTED_EDGE('',*,*,#1474,.F.);
#763=ORIENTED_EDGE('',*,*,#1475,.F.);
#764=ORIENTED_EDGE('',*,*,#1476,.F.);
#765=ORIENTED_EDGE('',*,*,#1477,.F.);
#766=ORIENTED_EDGE('',*,*,#1478,.F.);
#767=ORIENTED_EDGE('',*,*,#1479,.F.);
#768=ORIENTED_EDGE('',*,*,#1480,.F.);
#769=ORIENTED_EDGE('',*,*,#1481,.F.);
#770=ORIENTED_EDGE('',*,*,#1482,.F.);
#771=ORIENTED_EDGE('',*,*,#1483,.F.);
#772=ORIENTED_EDGE('',*,*,#1484,.F.);
#773=ORIENTED_EDGE('',*,*,#1485,.F.);
#774=ORIENTED_EDGE('',*,*,#1486,.F.);
#775=ORIENTED_EDGE('',*,*,#1487,.F.);
#776=ORIENTED_EDGE('',*,*,#1488,.F.);
#777=ORIENTED_EDGE('',*,*,#1489,.F.);
#778=ORIENTED_EDGE('',*,*,#1490,.F.);
#779=ORIENTED_EDGE('',*,*,#1491,.F.);
#780=ORIENTED_EDGE('',*,*,#1492,.F.);
#781=ORIENTED_EDGE('',*,*,#1493,.F.);
#782=ORIENTED_EDGE('',*,*,#1494,.F.);
#783=ORIENTED_EDGE('',*,*,#1495,.F.);
#784=ORIENTED_EDGE('',*,*,#1496,.F.);
#785=ORIENTED_EDGE('',*,*,#1497,.F.);
#786=ORIENTED_EDGE('',*,*,#1498,.F.);
#787=ORIENTED_EDGE('',*,*,#1499,.F.);
#788=ORIENTED_EDGE('',*,*,#1500,.F.);
#789=ORIENTED_EDGE('',*,*,#1501,.F.);
#790=ORIENTED_EDGE('',*,*,#1502,.F.);
#791=ORIENTED_EDGE('',*,*,#1503,.F.);
#792=ORIENTED_EDGE('',*,*,#1504,.F.);
#793=ORIENTED_EDGE('',*,*,#1505,.F.);
#794=ORIENTED_EDGE('',*,*,#1506,.F.);
#795=ORIENTED_EDGE('',*,*,#1507,.F.);
#796=ORIENTED_EDGE('',*,*,#1508,.F.);
#797=ORIENTED_EDGE('',*,*,#1509,.F.);
#798=ORIENTED_EDGE('',*,*,#1510,.F.);
#799=ORIENTED_EDGE('',*,*,#1511,.F.);
#800=ORIENTED_EDGE('',*,*,#1512,.F.);
#801=ORIENTED_EDGE('',*,*,#1513,.F.);
#802=ORIENTED_EDGE('',*,*,#1514,.F.);
#803=ORIENTED_EDGE('',*,*,#1515,.F.);
#804=ORIENTED_EDGE('',*,*,#1516,.F.);
#805=ORIENTED_EDGE('',*,*,#1517,.F.);
#806=ORIENTED_EDGE('',*,*,#1518,.F.);
#807=ORIENTED_EDGE('',*,*,#1519,.F.);
#808=ORIENTED_EDGE('',*,*,#1520,.F.);
#809=ORIENTED_EDGE('',*,*,#1521,.F.);
#810=ORIENTED_EDGE('',*,*,#1522,.F.);
#811=ORIENTED_EDGE('',*,*,#1523,.F.);
#812=ORIENTED_EDGE('',*,*,#1524,.F.);
#813=ORIENTED_EDGE('',*,*,#1525,.F.);
#814=ORIENTED_EDGE('',*,*,#1526,.F.);
#815=ORIENTED_EDGE('',*,*,#1527,.F.);
#816=ORIENTED_EDGE('',*,*,#1528,.F.);
#817=ORIENTED_EDGE('',*,*,#1529,.F.);
#818=ORIENTED_EDGE('',*,*,#1530,.F.);
#819=ORIENTED_EDGE('',*,*,#1531,.F.);
#820=ORIENTED_EDGE('',*,*,#1532,.F.);
#821=ORIENTED_EDGE('',*,*,#1533,.F.);
#822=ORIENTED_EDGE('',*,*,#1534,.F.);
#823=ORIENTED_EDGE('',*,*,#1535,.F.);
#824=ORIENTED_EDGE('',*,*,#1536,.F.);
#825=ORIENTED_EDGE('',*,*,#1537,.F.);
#826=ORIENTED_EDGE('',*,*,#1538,.F.);
#827=ORIENTED_EDGE('',*,*,#1539,.F.);
#828=ORIENTED_EDGE('',*,*,#1540,.F.);
#829=ORIENTED_EDGE('',*,*,#1541,.F.);
#830=ORIENTED_EDGE('',*,*,#1542,.F.);
#831=ORIENTED_EDGE('',*,*,#1543,.F.);
#832=ORIENTED_EDGE('',*,*,#1544,.F.);
#833=ORIENTED_EDGE('',*,*,#1545,.F.);
#834=ORIENTED_EDGE('',*,*,#1546,.F.);
#835=ORIENTED_EDGE('',*,*,#1547,.F.);
#836=ORIENTED_EDGE('',*,*,#1548,.F.);
#837=ORIENTED_EDGE('',*,*,#1549,.F.);
#838=ORIENTED_EDGE('',*,*,#1550,.F.);
#839=ORIENTED_EDGE('',*,*,#1551,.F.);
#840=ORIENTED_EDGE('',*,*,#1552,.F.);
#841=ORIENTED_EDGE('',*,*,#1553,.F.);
#842=ORIENTED_EDGE('',*,*,#1554,.F.);
#843=ORIENTED_EDGE('',*,*,#1555,.F.);
#844=ORIENTED_EDGE('',*,*,#1556,.F.);
#845=ORIENTED_EDGE('',*,*,#1557,.F.);
#846=ORIENTED_EDGE('',*,*,#1558,.F.);
#847=ORIENTED_EDGE('',*,*,#1559,.F.);
#848=ORIENTED_EDGE('',*,*,#1560,.F.);
#849=ORIENTED_EDGE('',*,*,#1561,.F.);
#850=ORIENTED_EDGE('',*,*,#1562,.F.);
#851=ORIENTED_EDGE('',*,*,#1563,.F.);
#852=ORIENTED_EDGE('',*,*,#1564,.F.);
#853=ORIENTED_EDGE('',*,*,#1565,.F.);
#854=ORIENTED_EDGE('',*,*,#1566,.F.);
#855=ORIENTED_EDGE('',*,*,#1567,.F.);
#856=ORIENTED_EDGE('',*,*,#1568,.F.);
#857=ORIENTED_EDGE('',*,*,#1569,.F.);
#858=ORIENTED_EDGE('',*,*,#1570,.F.);
#859=ORIENTED_EDGE('',*,*,#1571,.F.);
#860=ORIENTED_EDGE('',*,*,#1572,.T.);
#861=ORIENTED_EDGE('',*,*,#1573,.T.);
#862=ORIENTED_EDGE('',*,*,#1574,.T.);
#863=ORIENTED_EDGE('',*,*,#1575,.F.);
#864=ORIENTED_EDGE('',*,*,#1576,.T.);
#865=ORIENTED_EDGE('',*,*,#1577,.F.);
#866=ORIENTED_EDGE('',*,*,#1465,.T.);
#867=ORIENTED_EDGE('',*,*,#1578,.T.);
#868=ORIENTED_EDGE('',*,*,#1579,.F.);
#869=ORIENTED_EDGE('',*,*,#1566,.T.);
#870=ORIENTED_EDGE('',*,*,#1580,.T.);
#871=ORIENTED_EDGE('',*,*,#1581,.T.);
#872=ORIENTED_EDGE('',*,*,#1582,.F.);
#873=ORIENTED_EDGE('',*,*,#1567,.T.);
#874=ORIENTED_EDGE('',*,*,#1579,.T.);
#875=ORIENTED_EDGE('',*,*,#1583,.T.);
#876=ORIENTED_EDGE('',*,*,#1578,.F.);
#877=ORIENTED_EDGE('',*,*,#1464,.T.);
#878=ORIENTED_EDGE('',*,*,#1584,.T.);
#879=ORIENTED_EDGE('',*,*,#1585,.T.);
#880=ORIENTED_EDGE('',*,*,#1586,.F.);
#881=ORIENTED_EDGE('',*,*,#1568,.T.);
#882=ORIENTED_EDGE('',*,*,#1582,.T.);
#883=ORIENTED_EDGE('',*,*,#1587,.T.);
#884=ORIENTED_EDGE('',*,*,#1588,.F.);
#885=ORIENTED_EDGE('',*,*,#1569,.T.);
#886=ORIENTED_EDGE('',*,*,#1586,.T.);
#887=ORIENTED_EDGE('',*,*,#1589,.T.);
#888=ORIENTED_EDGE('',*,*,#1590,.F.);
#889=ORIENTED_EDGE('',*,*,#1570,.T.);
#890=ORIENTED_EDGE('',*,*,#1588,.T.);
#891=ORIENTED_EDGE('',*,*,#1591,.T.);
#892=ORIENTED_EDGE('',*,*,#1584,.F.);
#893=ORIENTED_EDGE('',*,*,#1571,.T.);
#894=ORIENTED_EDGE('',*,*,#1590,.T.);
#895=ORIENTED_EDGE('',*,*,#1592,.T.);
#896=ORIENTED_EDGE('',*,*,#1592,.F.);
#897=ORIENTED_EDGE('',*,*,#1591,.F.);
#898=ORIENTED_EDGE('',*,*,#1589,.F.);
#899=ORIENTED_EDGE('',*,*,#1587,.F.);
#900=ORIENTED_EDGE('',*,*,#1583,.F.);
#901=ORIENTED_EDGE('',*,*,#1581,.F.);
#902=ORIENTED_EDGE('',*,*,#1593,.F.);
#903=ORIENTED_EDGE('',*,*,#1594,.F.);
#904=ORIENTED_EDGE('',*,*,#1595,.F.);
#905=ORIENTED_EDGE('',*,*,#1596,.F.);
#906=ORIENTED_EDGE('',*,*,#1597,.F.);
#907=ORIENTED_EDGE('',*,*,#1598,.F.);
#908=ORIENTED_EDGE('',*,*,#1599,.F.);
#909=ORIENTED_EDGE('',*,*,#1600,.F.);
#910=ORIENTED_EDGE('',*,*,#1601,.F.);
#911=ORIENTED_EDGE('',*,*,#1602,.F.);
#912=ORIENTED_EDGE('',*,*,#1603,.F.);
#913=ORIENTED_EDGE('',*,*,#1604,.F.);
#914=ORIENTED_EDGE('',*,*,#1605,.F.);
#915=ORIENTED_EDGE('',*,*,#1606,.F.);
#916=ORIENTED_EDGE('',*,*,#1607,.F.);
#917=ORIENTED_EDGE('',*,*,#1608,.F.);
#918=ORIENTED_EDGE('',*,*,#1609,.F.);
#919=ORIENTED_EDGE('',*,*,#1610,.F.);
#920=ORIENTED_EDGE('',*,*,#1611,.F.);
#921=ORIENTED_EDGE('',*,*,#1612,.F.);
#922=ORIENTED_EDGE('',*,*,#1613,.F.);
#923=ORIENTED_EDGE('',*,*,#1614,.F.);
#924=ORIENTED_EDGE('',*,*,#1615,.F.);
#925=ORIENTED_EDGE('',*,*,#1616,.F.);
#926=ORIENTED_EDGE('',*,*,#1617,.F.);
#927=ORIENTED_EDGE('',*,*,#1618,.F.);
#928=ORIENTED_EDGE('',*,*,#1619,.F.);
#929=ORIENTED_EDGE('',*,*,#1620,.F.);
#930=ORIENTED_EDGE('',*,*,#1621,.F.);
#931=ORIENTED_EDGE('',*,*,#1622,.F.);
#932=ORIENTED_EDGE('',*,*,#1623,.F.);
#933=ORIENTED_EDGE('',*,*,#1624,.F.);
#934=ORIENTED_EDGE('',*,*,#1625,.F.);
#935=ORIENTED_EDGE('',*,*,#1626,.F.);
#936=ORIENTED_EDGE('',*,*,#1627,.F.);
#937=ORIENTED_EDGE('',*,*,#1628,.F.);
#938=ORIENTED_EDGE('',*,*,#1629,.F.);
#939=ORIENTED_EDGE('',*,*,#1630,.F.);
#940=ORIENTED_EDGE('',*,*,#1631,.F.);
#941=ORIENTED_EDGE('',*,*,#1632,.F.);
#942=ORIENTED_EDGE('',*,*,#1633,.F.);
#943=ORIENTED_EDGE('',*,*,#1634,.F.);
#944=ORIENTED_EDGE('',*,*,#1635,.F.);
#945=ORIENTED_EDGE('',*,*,#1636,.F.);
#946=ORIENTED_EDGE('',*,*,#1637,.F.);
#947=ORIENTED_EDGE('',*,*,#1638,.F.);
#948=ORIENTED_EDGE('',*,*,#1639,.F.);
#949=ORIENTED_EDGE('',*,*,#1640,.F.);
#950=ORIENTED_EDGE('',*,*,#1641,.F.);
#951=ORIENTED_EDGE('',*,*,#1642,.F.);
#952=ORIENTED_EDGE('',*,*,#1643,.F.);
#953=ORIENTED_EDGE('',*,*,#1644,.F.);
#954=ORIENTED_EDGE('',*,*,#1645,.F.);
#955=ORIENTED_EDGE('',*,*,#1646,.F.);
#956=ORIENTED_EDGE('',*,*,#1647,.F.);
#957=ORIENTED_EDGE('',*,*,#1648,.F.);
#958=ORIENTED_EDGE('',*,*,#1649,.F.);
#959=ORIENTED_EDGE('',*,*,#1650,.F.);
#960=ORIENTED_EDGE('',*,*,#1651,.F.);
#961=ORIENTED_EDGE('',*,*,#1652,.F.);
#962=ORIENTED_EDGE('',*,*,#1653,.F.);
#963=ORIENTED_EDGE('',*,*,#1654,.F.);
#964=ORIENTED_EDGE('',*,*,#1655,.F.);
#965=ORIENTED_EDGE('',*,*,#1656,.F.);
#966=ORIENTED_EDGE('',*,*,#1657,.F.);
#967=ORIENTED_EDGE('',*,*,#1658,.F.);
#968=ORIENTED_EDGE('',*,*,#1659,.F.);
#969=ORIENTED_EDGE('',*,*,#1660,.F.);
#970=ORIENTED_EDGE('',*,*,#1661,.F.);
#971=ORIENTED_EDGE('',*,*,#1662,.F.);
#972=ORIENTED_EDGE('',*,*,#1663,.F.);
#973=ORIENTED_EDGE('',*,*,#1664,.F.);
#974=ORIENTED_EDGE('',*,*,#1665,.F.);
#975=ORIENTED_EDGE('',*,*,#1666,.F.);
#976=ORIENTED_EDGE('',*,*,#1667,.F.);
#977=ORIENTED_EDGE('',*,*,#1668,.F.);
#978=ORIENTED_EDGE('',*,*,#1669,.F.);
#979=ORIENTED_EDGE('',*,*,#1670,.F.);
#980=ORIENTED_EDGE('',*,*,#1671,.F.);
#981=ORIENTED_EDGE('',*,*,#1672,.F.);
#982=ORIENTED_EDGE('',*,*,#1673,.F.);
#983=ORIENTED_EDGE('',*,*,#1674,.F.);
#984=ORIENTED_EDGE('',*,*,#1675,.F.);
#985=ORIENTED_EDGE('',*,*,#1676,.F.);
#986=ORIENTED_EDGE('',*,*,#1677,.F.);
#987=ORIENTED_EDGE('',*,*,#1678,.F.);
#988=ORIENTED_EDGE('',*,*,#1679,.F.);
#989=ORIENTED_EDGE('',*,*,#1680,.F.);
#990=ORIENTED_EDGE('',*,*,#1681,.F.);
#991=ORIENTED_EDGE('',*,*,#1682,.F.);
#992=ORIENTED_EDGE('',*,*,#1683,.F.);
#993=ORIENTED_EDGE('',*,*,#1684,.F.);
#994=ORIENTED_EDGE('',*,*,#1685,.F.);
#995=ORIENTED_EDGE('',*,*,#1686,.F.);
#996=ORIENTED_EDGE('',*,*,#1687,.F.);
#997=ORIENTED_EDGE('',*,*,#1688,.F.);
#998=ORIENTED_EDGE('',*,*,#1689,.F.);
#999=ORIENTED_EDGE('',*,*,#1690,.F.);
#1000=ORIENTED_EDGE('',*,*,#1691,.F.);
#1001=ORIENTED_EDGE('',*,*,#1692,.F.);
#1002=ORIENTED_EDGE('',*,*,#1576,.F.);
#1003=ORIENTED_EDGE('',*,*,#1585,.F.);
#1004=ORIENTED_EDGE('',*,*,#1693,.T.);
#1005=ORIENTED_EDGE('',*,*,#1466,.T.);
#1006=ORIENTED_EDGE('',*,*,#1577,.T.);
#1007=ORIENTED_EDGE('',*,*,#1692,.T.);
#1008=ORIENTED_EDGE('',*,*,#1694,.F.);
#1009=ORIENTED_EDGE('',*,*,#1594,.T.);
#1010=ORIENTED_EDGE('',*,*,#1695,.F.);
#1011=ORIENTED_EDGE('',*,*,#1564,.T.);
#1012=ORIENTED_EDGE('',*,*,#1696,.T.);
#1013=ORIENTED_EDGE('',*,*,#1697,.F.);
#1014=ORIENTED_EDGE('',*,*,#1557,.T.);
#1015=ORIENTED_EDGE('',*,*,#1698,.T.);
#1016=ORIENTED_EDGE('',*,*,#1601,.T.);
#1017=ORIENTED_EDGE('',*,*,#1699,.F.);
#1018=ORIENTED_EDGE('',*,*,#1558,.T.);
#1019=ORIENTED_EDGE('',*,*,#1697,.T.);
#1020=ORIENTED_EDGE('',*,*,#1600,.T.);
#1021=ORIENTED_EDGE('',*,*,#1696,.F.);
#1022=ORIENTED_EDGE('',*,*,#1563,.T.);
#1023=ORIENTED_EDGE('',*,*,#1700,.T.);
#1024=ORIENTED_EDGE('',*,*,#1595,.T.);
#1025=ORIENTED_EDGE('',*,*,#1701,.F.);
#1026=ORIENTED_EDGE('',*,*,#1559,.T.);
#1027=ORIENTED_EDGE('',*,*,#1699,.T.);
#1028=ORIENTED_EDGE('',*,*,#1599,.T.);
#1029=ORIENTED_EDGE('',*,*,#1702,.F.);
#1030=ORIENTED_EDGE('',*,*,#1560,.T.);
#1031=ORIENTED_EDGE('',*,*,#1701,.T.);
#1032=ORIENTED_EDGE('',*,*,#1598,.T.);
#1033=ORIENTED_EDGE('',*,*,#1703,.F.);
#1034=ORIENTED_EDGE('',*,*,#1561,.T.);
#1035=ORIENTED_EDGE('',*,*,#1702,.T.);
#1036=ORIENTED_EDGE('',*,*,#1597,.T.);
#1037=ORIENTED_EDGE('',*,*,#1700,.F.);
#1038=ORIENTED_EDGE('',*,*,#1562,.T.);
#1039=ORIENTED_EDGE('',*,*,#1703,.T.);
#1040=ORIENTED_EDGE('',*,*,#1596,.T.);
#1041=ORIENTED_EDGE('',*,*,#1580,.F.);
#1042=ORIENTED_EDGE('',*,*,#1565,.T.);
#1043=ORIENTED_EDGE('',*,*,#1695,.T.);
#1044=ORIENTED_EDGE('',*,*,#1593,.T.);
#1045=ORIENTED_EDGE('',*,*,#1704,.F.);
#1046=ORIENTED_EDGE('',*,*,#1554,.T.);
#1047=ORIENTED_EDGE('',*,*,#1705,.T.);
#1048=ORIENTED_EDGE('',*,*,#1604,.T.);
#1049=ORIENTED_EDGE('',*,*,#1705,.F.);
#1050=ORIENTED_EDGE('',*,*,#1553,.T.);
#1051=ORIENTED_EDGE('',*,*,#1706,.T.);
#1052=ORIENTED_EDGE('',*,*,#1605,.T.);
#1053=ORIENTED_EDGE('',*,*,#1603,.T.);
#1054=ORIENTED_EDGE('',*,*,#1707,.F.);
#1055=ORIENTED_EDGE('',*,*,#1555,.T.);
#1056=ORIENTED_EDGE('',*,*,#1704,.T.);
#1057=ORIENTED_EDGE('',*,*,#1706,.F.);
#1058=ORIENTED_EDGE('',*,*,#1552,.T.);
#1059=ORIENTED_EDGE('',*,*,#1708,.T.);
#1060=ORIENTED_EDGE('',*,*,#1606,.T.);
#1061=ORIENTED_EDGE('',*,*,#1709,.F.);
#1062=ORIENTED_EDGE('',*,*,#1548,.T.);
#1063=ORIENTED_EDGE('',*,*,#1710,.T.);
#1064=ORIENTED_EDGE('',*,*,#1610,.T.);
#1065=ORIENTED_EDGE('',*,*,#1711,.F.);
#1066=ORIENTED_EDGE('',*,*,#1549,.T.);
#1067=ORIENTED_EDGE('',*,*,#1709,.T.);
#1068=ORIENTED_EDGE('',*,*,#1609,.T.);
#1069=ORIENTED_EDGE('',*,*,#1712,.F.);
#1070=ORIENTED_EDGE('',*,*,#1550,.T.);
#1071=ORIENTED_EDGE('',*,*,#1711,.T.);
#1072=ORIENTED_EDGE('',*,*,#1608,.T.);
#1073=ORIENTED_EDGE('',*,*,#1708,.F.);
#1074=ORIENTED_EDGE('',*,*,#1551,.T.);
#1075=ORIENTED_EDGE('',*,*,#1712,.T.);
#1076=ORIENTED_EDGE('',*,*,#1607,.T.);
#1077=ORIENTED_EDGE('',*,*,#1698,.F.);
#1078=ORIENTED_EDGE('',*,*,#1556,.T.);
#1079=ORIENTED_EDGE('',*,*,#1707,.T.);
#1080=ORIENTED_EDGE('',*,*,#1602,.T.);
#1081=ORIENTED_EDGE('',*,*,#1612,.T.);
#1082=ORIENTED_EDGE('',*,*,#1713,.F.);
#1083=ORIENTED_EDGE('',*,*,#1546,.T.);
#1084=ORIENTED_EDGE('',*,*,#1714,.T.);
#1085=ORIENTED_EDGE('',*,*,#1715,.F.);
#1086=ORIENTED_EDGE('',*,*,#1539,.T.);
#1087=ORIENTED_EDGE('',*,*,#1716,.T.);
#1088=ORIENTED_EDGE('',*,*,#1619,.T.);
#1089=ORIENTED_EDGE('',*,*,#1717,.F.);
#1090=ORIENTED_EDGE('',*,*,#1540,.T.);
#1091=ORIENTED_EDGE('',*,*,#1715,.T.);
#1092=ORIENTED_EDGE('',*,*,#1618,.T.);
#1093=ORIENTED_EDGE('',*,*,#1714,.F.);
#1094=ORIENTED_EDGE('',*,*,#1545,.T.);
#1095=ORIENTED_EDGE('',*,*,#1718,.T.);
#1096=ORIENTED_EDGE('',*,*,#1613,.T.);
#1097=ORIENTED_EDGE('',*,*,#1719,.F.);
#1098=ORIENTED_EDGE('',*,*,#1541,.T.);
#1099=ORIENTED_EDGE('',*,*,#1717,.T.);
#1100=ORIENTED_EDGE('',*,*,#1617,.T.);
#1101=ORIENTED_EDGE('',*,*,#1720,.F.);
#1102=ORIENTED_EDGE('',*,*,#1542,.T.);
#1103=ORIENTED_EDGE('',*,*,#1719,.T.);
#1104=ORIENTED_EDGE('',*,*,#1616,.T.);
#1105=ORIENTED_EDGE('',*,*,#1721,.F.);
#1106=ORIENTED_EDGE('',*,*,#1543,.T.);
#1107=ORIENTED_EDGE('',*,*,#1720,.T.);
#1108=ORIENTED_EDGE('',*,*,#1615,.T.);
#1109=ORIENTED_EDGE('',*,*,#1718,.F.);
#1110=ORIENTED_EDGE('',*,*,#1544,.T.);
#1111=ORIENTED_EDGE('',*,*,#1721,.T.);
#1112=ORIENTED_EDGE('',*,*,#1614,.T.);
#1113=ORIENTED_EDGE('',*,*,#1710,.F.);
#1114=ORIENTED_EDGE('',*,*,#1547,.T.);
#1115=ORIENTED_EDGE('',*,*,#1713,.T.);
#1116=ORIENTED_EDGE('',*,*,#1611,.T.);
#1117=ORIENTED_EDGE('',*,*,#1621,.T.);
#1118=ORIENTED_EDGE('',*,*,#1722,.F.);
#1119=ORIENTED_EDGE('',*,*,#1537,.T.);
#1120=ORIENTED_EDGE('',*,*,#1723,.T.);
#1121=ORIENTED_EDGE('',*,*,#1724,.F.);
#1122=ORIENTED_EDGE('',*,*,#1530,.T.);
#1123=ORIENTED_EDGE('',*,*,#1725,.T.);
#1124=ORIENTED_EDGE('',*,*,#1628,.T.);
#1125=ORIENTED_EDGE('',*,*,#1726,.F.);
#1126=ORIENTED_EDGE('',*,*,#1531,.T.);
#1127=ORIENTED_EDGE('',*,*,#1724,.T.);
#1128=ORIENTED_EDGE('',*,*,#1627,.T.);
#1129=ORIENTED_EDGE('',*,*,#1723,.F.);
#1130=ORIENTED_EDGE('',*,*,#1536,.T.);
#1131=ORIENTED_EDGE('',*,*,#1727,.T.);
#1132=ORIENTED_EDGE('',*,*,#1622,.T.);
#1133=ORIENTED_EDGE('',*,*,#1728,.F.);
#1134=ORIENTED_EDGE('',*,*,#1532,.T.);
#1135=ORIENTED_EDGE('',*,*,#1726,.T.);
#1136=ORIENTED_EDGE('',*,*,#1626,.T.);
#1137=ORIENTED_EDGE('',*,*,#1729,.F.);
#1138=ORIENTED_EDGE('',*,*,#1533,.T.);
#1139=ORIENTED_EDGE('',*,*,#1728,.T.);
#1140=ORIENTED_EDGE('',*,*,#1625,.T.);
#1141=ORIENTED_EDGE('',*,*,#1730,.F.);
#1142=ORIENTED_EDGE('',*,*,#1534,.T.);
#1143=ORIENTED_EDGE('',*,*,#1729,.T.);
#1144=ORIENTED_EDGE('',*,*,#1624,.T.);
#1145=ORIENTED_EDGE('',*,*,#1727,.F.);
#1146=ORIENTED_EDGE('',*,*,#1535,.T.);
#1147=ORIENTED_EDGE('',*,*,#1730,.T.);
#1148=ORIENTED_EDGE('',*,*,#1623,.T.);
#1149=ORIENTED_EDGE('',*,*,#1716,.F.);
#1150=ORIENTED_EDGE('',*,*,#1538,.T.);
#1151=ORIENTED_EDGE('',*,*,#1722,.T.);
#1152=ORIENTED_EDGE('',*,*,#1620,.T.);
#1153=ORIENTED_EDGE('',*,*,#1630,.T.);
#1154=ORIENTED_EDGE('',*,*,#1731,.F.);
#1155=ORIENTED_EDGE('',*,*,#1528,.T.);
#1156=ORIENTED_EDGE('',*,*,#1732,.T.);
#1157=ORIENTED_EDGE('',*,*,#1733,.F.);
#1158=ORIENTED_EDGE('',*,*,#1521,.T.);
#1159=ORIENTED_EDGE('',*,*,#1734,.T.);
#1160=ORIENTED_EDGE('',*,*,#1637,.T.);
#1161=ORIENTED_EDGE('',*,*,#1735,.F.);
#1162=ORIENTED_EDGE('',*,*,#1522,.T.);
#1163=ORIENTED_EDGE('',*,*,#1733,.T.);
#1164=ORIENTED_EDGE('',*,*,#1636,.T.);
#1165=ORIENTED_EDGE('',*,*,#1732,.F.);
#1166=ORIENTED_EDGE('',*,*,#1527,.T.);
#1167=ORIENTED_EDGE('',*,*,#1736,.T.);
#1168=ORIENTED_EDGE('',*,*,#1631,.T.);
#1169=ORIENTED_EDGE('',*,*,#1737,.F.);
#1170=ORIENTED_EDGE('',*,*,#1523,.T.);
#1171=ORIENTED_EDGE('',*,*,#1735,.T.);
#1172=ORIENTED_EDGE('',*,*,#1635,.T.);
#1173=ORIENTED_EDGE('',*,*,#1738,.F.);
#1174=ORIENTED_EDGE('',*,*,#1524,.T.);
#1175=ORIENTED_EDGE('',*,*,#1737,.T.);
#1176=ORIENTED_EDGE('',*,*,#1634,.T.);
#1177=ORIENTED_EDGE('',*,*,#1739,.F.);
#1178=ORIENTED_EDGE('',*,*,#1525,.T.);
#1179=ORIENTED_EDGE('',*,*,#1738,.T.);
#1180=ORIENTED_EDGE('',*,*,#1633,.T.);
#1181=ORIENTED_EDGE('',*,*,#1736,.F.);
#1182=ORIENTED_EDGE('',*,*,#1526,.T.);
#1183=ORIENTED_EDGE('',*,*,#1739,.T.);
#1184=ORIENTED_EDGE('',*,*,#1632,.T.);
#1185=ORIENTED_EDGE('',*,*,#1725,.F.);
#1186=ORIENTED_EDGE('',*,*,#1529,.T.);
#1187=ORIENTED_EDGE('',*,*,#1731,.T.);
#1188=ORIENTED_EDGE('',*,*,#1629,.T.);
#1189=ORIENTED_EDGE('',*,*,#1639,.T.);
#1190=ORIENTED_EDGE('',*,*,#1740,.F.);
#1191=ORIENTED_EDGE('',*,*,#1519,.T.);
#1192=ORIENTED_EDGE('',*,*,#1741,.T.);
#1193=ORIENTED_EDGE('',*,*,#1742,.F.);
#1194=ORIENTED_EDGE('',*,*,#1512,.T.);
#1195=ORIENTED_EDGE('',*,*,#1743,.T.);
#1196=ORIENTED_EDGE('',*,*,#1646,.T.);
#1197=ORIENTED_EDGE('',*,*,#1744,.F.);
#1198=ORIENTED_EDGE('',*,*,#1513,.T.);
#1199=ORIENTED_EDGE('',*,*,#1742,.T.);
#1200=ORIENTED_EDGE('',*,*,#1645,.T.);
#1201=ORIENTED_EDGE('',*,*,#1741,.F.);
#1202=ORIENTED_EDGE('',*,*,#1518,.T.);
#1203=ORIENTED_EDGE('',*,*,#1745,.T.);
#1204=ORIENTED_EDGE('',*,*,#1640,.T.);
#1205=ORIENTED_EDGE('',*,*,#1746,.F.);
#1206=ORIENTED_EDGE('',*,*,#1514,.T.);
#1207=ORIENTED_EDGE('',*,*,#1744,.T.);
#1208=ORIENTED_EDGE('',*,*,#1644,.T.);
#1209=ORIENTED_EDGE('',*,*,#1747,.F.);
#1210=ORIENTED_EDGE('',*,*,#1515,.T.);
#1211=ORIENTED_EDGE('',*,*,#1746,.T.);
#1212=ORIENTED_EDGE('',*,*,#1643,.T.);
#1213=ORIENTED_EDGE('',*,*,#1748,.F.);
#1214=ORIENTED_EDGE('',*,*,#1516,.T.);
#1215=ORIENTED_EDGE('',*,*,#1747,.T.);
#1216=ORIENTED_EDGE('',*,*,#1642,.T.);
#1217=ORIENTED_EDGE('',*,*,#1745,.F.);
#1218=ORIENTED_EDGE('',*,*,#1517,.T.);
#1219=ORIENTED_EDGE('',*,*,#1748,.T.);
#1220=ORIENTED_EDGE('',*,*,#1641,.T.);
#1221=ORIENTED_EDGE('',*,*,#1734,.F.);
#1222=ORIENTED_EDGE('',*,*,#1520,.T.);
#1223=ORIENTED_EDGE('',*,*,#1740,.T.);
#1224=ORIENTED_EDGE('',*,*,#1638,.T.);
#1225=ORIENTED_EDGE('',*,*,#1648,.T.);
#1226=ORIENTED_EDGE('',*,*,#1749,.F.);
#1227=ORIENTED_EDGE('',*,*,#1510,.T.);
#1228=ORIENTED_EDGE('',*,*,#1750,.T.);
#1229=ORIENTED_EDGE('',*,*,#1751,.F.);
#1230=ORIENTED_EDGE('',*,*,#1503,.T.);
#1231=ORIENTED_EDGE('',*,*,#1752,.T.);
#1232=ORIENTED_EDGE('',*,*,#1655,.T.);
#1233=ORIENTED_EDGE('',*,*,#1753,.F.);
#1234=ORIENTED_EDGE('',*,*,#1504,.T.);
#1235=ORIENTED_EDGE('',*,*,#1751,.T.);
#1236=ORIENTED_EDGE('',*,*,#1654,.T.);
#1237=ORIENTED_EDGE('',*,*,#1750,.F.);
#1238=ORIENTED_EDGE('',*,*,#1509,.T.);
#1239=ORIENTED_EDGE('',*,*,#1754,.T.);
#1240=ORIENTED_EDGE('',*,*,#1649,.T.);
#1241=ORIENTED_EDGE('',*,*,#1755,.F.);
#1242=ORIENTED_EDGE('',*,*,#1505,.T.);
#1243=ORIENTED_EDGE('',*,*,#1753,.T.);
#1244=ORIENTED_EDGE('',*,*,#1653,.T.);
#1245=ORIENTED_EDGE('',*,*,#1756,.F.);
#1246=ORIENTED_EDGE('',*,*,#1506,.T.);
#1247=ORIENTED_EDGE('',*,*,#1755,.T.);
#1248=ORIENTED_EDGE('',*,*,#1652,.T.);
#1249=ORIENTED_EDGE('',*,*,#1757,.F.);
#1250=ORIENTED_EDGE('',*,*,#1507,.T.);
#1251=ORIENTED_EDGE('',*,*,#1756,.T.);
#1252=ORIENTED_EDGE('',*,*,#1651,.T.);
#1253=ORIENTED_EDGE('',*,*,#1754,.F.);
#1254=ORIENTED_EDGE('',*,*,#1508,.T.);
#1255=ORIENTED_EDGE('',*,*,#1757,.T.);
#1256=ORIENTED_EDGE('',*,*,#1650,.T.);
#1257=ORIENTED_EDGE('',*,*,#1743,.F.);
#1258=ORIENTED_EDGE('',*,*,#1511,.T.);
#1259=ORIENTED_EDGE('',*,*,#1749,.T.);
#1260=ORIENTED_EDGE('',*,*,#1647,.T.);
#1261=ORIENTED_EDGE('',*,*,#1657,.T.);
#1262=ORIENTED_EDGE('',*,*,#1758,.F.);
#1263=ORIENTED_EDGE('',*,*,#1501,.T.);
#1264=ORIENTED_EDGE('',*,*,#1759,.T.);
#1265=ORIENTED_EDGE('',*,*,#1760,.F.);
#1266=ORIENTED_EDGE('',*,*,#1494,.T.);
#1267=ORIENTED_EDGE('',*,*,#1761,.T.);
#1268=ORIENTED_EDGE('',*,*,#1664,.T.);
#1269=ORIENTED_EDGE('',*,*,#1762,.F.);
#1270=ORIENTED_EDGE('',*,*,#1495,.T.);
#1271=ORIENTED_EDGE('',*,*,#1760,.T.);
#1272=ORIENTED_EDGE('',*,*,#1663,.T.);
#1273=ORIENTED_EDGE('',*,*,#1759,.F.);
#1274=ORIENTED_EDGE('',*,*,#1500,.T.);
#1275=ORIENTED_EDGE('',*,*,#1763,.T.);
#1276=ORIENTED_EDGE('',*,*,#1658,.T.);
#1277=ORIENTED_EDGE('',*,*,#1764,.F.);
#1278=ORIENTED_EDGE('',*,*,#1496,.T.);
#1279=ORIENTED_EDGE('',*,*,#1762,.T.);
#1280=ORIENTED_EDGE('',*,*,#1662,.T.);
#1281=ORIENTED_EDGE('',*,*,#1765,.F.);
#1282=ORIENTED_EDGE('',*,*,#1497,.T.);
#1283=ORIENTED_EDGE('',*,*,#1764,.T.);
#1284=ORIENTED_EDGE('',*,*,#1661,.T.);
#1285=ORIENTED_EDGE('',*,*,#1766,.F.);
#1286=ORIENTED_EDGE('',*,*,#1498,.T.);
#1287=ORIENTED_EDGE('',*,*,#1765,.T.);
#1288=ORIENTED_EDGE('',*,*,#1660,.T.);
#1289=ORIENTED_EDGE('',*,*,#1763,.F.);
#1290=ORIENTED_EDGE('',*,*,#1499,.T.);
#1291=ORIENTED_EDGE('',*,*,#1766,.T.);
#1292=ORIENTED_EDGE('',*,*,#1659,.T.);
#1293=ORIENTED_EDGE('',*,*,#1752,.F.);
#1294=ORIENTED_EDGE('',*,*,#1502,.T.);
#1295=ORIENTED_EDGE('',*,*,#1758,.T.);
#1296=ORIENTED_EDGE('',*,*,#1656,.T.);
#1297=ORIENTED_EDGE('',*,*,#1666,.T.);
#1298=ORIENTED_EDGE('',*,*,#1767,.F.);
#1299=ORIENTED_EDGE('',*,*,#1492,.T.);
#1300=ORIENTED_EDGE('',*,*,#1768,.T.);
#1301=ORIENTED_EDGE('',*,*,#1769,.F.);
#1302=ORIENTED_EDGE('',*,*,#1485,.T.);
#1303=ORIENTED_EDGE('',*,*,#1770,.T.);
#1304=ORIENTED_EDGE('',*,*,#1673,.T.);
#1305=ORIENTED_EDGE('',*,*,#1771,.F.);
#1306=ORIENTED_EDGE('',*,*,#1486,.T.);
#1307=ORIENTED_EDGE('',*,*,#1769,.T.);
#1308=ORIENTED_EDGE('',*,*,#1672,.T.);
#1309=ORIENTED_EDGE('',*,*,#1768,.F.);
#1310=ORIENTED_EDGE('',*,*,#1491,.T.);
#1311=ORIENTED_EDGE('',*,*,#1772,.T.);
#1312=ORIENTED_EDGE('',*,*,#1667,.T.);
#1313=ORIENTED_EDGE('',*,*,#1773,.F.);
#1314=ORIENTED_EDGE('',*,*,#1487,.T.);
#1315=ORIENTED_EDGE('',*,*,#1771,.T.);
#1316=ORIENTED_EDGE('',*,*,#1671,.T.);
#1317=ORIENTED_EDGE('',*,*,#1774,.F.);
#1318=ORIENTED_EDGE('',*,*,#1488,.T.);
#1319=ORIENTED_EDGE('',*,*,#1773,.T.);
#1320=ORIENTED_EDGE('',*,*,#1670,.T.);
#1321=ORIENTED_EDGE('',*,*,#1775,.F.);
#1322=ORIENTED_EDGE('',*,*,#1489,.T.);
#1323=ORIENTED_EDGE('',*,*,#1774,.T.);
#1324=ORIENTED_EDGE('',*,*,#1669,.T.);
#1325=ORIENTED_EDGE('',*,*,#1772,.F.);
#1326=ORIENTED_EDGE('',*,*,#1490,.T.);
#1327=ORIENTED_EDGE('',*,*,#1775,.T.);
#1328=ORIENTED_EDGE('',*,*,#1668,.T.);
#1329=ORIENTED_EDGE('',*,*,#1761,.F.);
#1330=ORIENTED_EDGE('',*,*,#1493,.T.);
#1331=ORIENTED_EDGE('',*,*,#1767,.T.);
#1332=ORIENTED_EDGE('',*,*,#1665,.T.);
#1333=ORIENTED_EDGE('',*,*,#1776,.F.);
#1334=ORIENTED_EDGE('',*,*,#1482,.T.);
#1335=ORIENTED_EDGE('',*,*,#1777,.T.);
#1336=ORIENTED_EDGE('',*,*,#1676,.T.);
#1337=ORIENTED_EDGE('',*,*,#1777,.F.);
#1338=ORIENTED_EDGE('',*,*,#1481,.T.);
#1339=ORIENTED_EDGE('',*,*,#1778,.T.);
#1340=ORIENTED_EDGE('',*,*,#1677,.T.);
#1341=ORIENTED_EDGE('',*,*,#1675,.T.);
#1342=ORIENTED_EDGE('',*,*,#1779,.F.);
#1343=ORIENTED_EDGE('',*,*,#1461,.F.);
#1344=ORIENTED_EDGE('',*,*,#1780,.F.);
#1345=ORIENTED_EDGE('',*,*,#1463,.F.);
#1346=ORIENTED_EDGE('',*,*,#1781,.F.);
#1347=ORIENTED_EDGE('',*,*,#1483,.T.);
#1348=ORIENTED_EDGE('',*,*,#1776,.T.);
#1349=ORIENTED_EDGE('',*,*,#1778,.F.);
#1350=ORIENTED_EDGE('',*,*,#1480,.T.);
#1351=ORIENTED_EDGE('',*,*,#1782,.T.);
#1352=ORIENTED_EDGE('',*,*,#1678,.T.);
#1353=ORIENTED_EDGE('',*,*,#1783,.F.);
#1354=ORIENTED_EDGE('',*,*,#1476,.T.);
#1355=ORIENTED_EDGE('',*,*,#1784,.T.);
#1356=ORIENTED_EDGE('',*,*,#1785,.T.);
#1357=ORIENTED_EDGE('',*,*,#1786,.T.);
#1358=ORIENTED_EDGE('',*,*,#1787,.T.);
#1359=ORIENTED_EDGE('',*,*,#1788,.T.);
#1360=ORIENTED_EDGE('',*,*,#1682,.T.);
#1361=ORIENTED_EDGE('',*,*,#1789,.F.);
#1362=ORIENTED_EDGE('',*,*,#1477,.T.);
#1363=ORIENTED_EDGE('',*,*,#1783,.T.);
#1364=ORIENTED_EDGE('',*,*,#1681,.T.);
#1365=ORIENTED_EDGE('',*,*,#1790,.F.);
#1366=ORIENTED_EDGE('',*,*,#1478,.T.);
#1367=ORIENTED_EDGE('',*,*,#1789,.T.);
#1368=ORIENTED_EDGE('',*,*,#1680,.T.);
#1369=ORIENTED_EDGE('',*,*,#1782,.F.);
#1370=ORIENTED_EDGE('',*,*,#1479,.T.);
#1371=ORIENTED_EDGE('',*,*,#1790,.T.);
#1372=ORIENTED_EDGE('',*,*,#1679,.T.);
#1373=ORIENTED_EDGE('',*,*,#1770,.F.);
#1374=ORIENTED_EDGE('',*,*,#1484,.T.);
#1375=ORIENTED_EDGE('',*,*,#1781,.T.);
#1376=ORIENTED_EDGE('',*,*,#1462,.T.);
#1377=ORIENTED_EDGE('',*,*,#1779,.T.);
#1378=ORIENTED_EDGE('',*,*,#1674,.T.);
#1379=ORIENTED_EDGE('',*,*,#1684,.T.);
#1380=ORIENTED_EDGE('',*,*,#1791,.F.);
#1381=ORIENTED_EDGE('',*,*,#1474,.T.);
#1382=ORIENTED_EDGE('',*,*,#1792,.T.);
#1383=ORIENTED_EDGE('',*,*,#1793,.F.);
#1384=ORIENTED_EDGE('',*,*,#1467,.T.);
#1385=ORIENTED_EDGE('',*,*,#1694,.T.);
#1386=ORIENTED_EDGE('',*,*,#1691,.T.);
#1387=ORIENTED_EDGE('',*,*,#1794,.F.);
#1388=ORIENTED_EDGE('',*,*,#1468,.T.);
#1389=ORIENTED_EDGE('',*,*,#1793,.T.);
#1390=ORIENTED_EDGE('',*,*,#1690,.T.);
#1391=ORIENTED_EDGE('',*,*,#1792,.F.);
#1392=ORIENTED_EDGE('',*,*,#1473,.T.);
#1393=ORIENTED_EDGE('',*,*,#1795,.T.);
#1394=ORIENTED_EDGE('',*,*,#1685,.T.);
#1395=ORIENTED_EDGE('',*,*,#1796,.F.);
#1396=ORIENTED_EDGE('',*,*,#1469,.T.);
#1397=ORIENTED_EDGE('',*,*,#1794,.T.);
#1398=ORIENTED_EDGE('',*,*,#1689,.T.);
#1399=ORIENTED_EDGE('',*,*,#1797,.F.);
#1400=ORIENTED_EDGE('',*,*,#1470,.T.);
#1401=ORIENTED_EDGE('',*,*,#1796,.T.);
#1402=ORIENTED_EDGE('',*,*,#1688,.T.);
#1403=ORIENTED_EDGE('',*,*,#1798,.F.);
#1404=ORIENTED_EDGE('',*,*,#1471,.T.);
#1405=ORIENTED_EDGE('',*,*,#1797,.T.);
#1406=ORIENTED_EDGE('',*,*,#1687,.T.);
#1407=ORIENTED_EDGE('',*,*,#1795,.F.);
#1408=ORIENTED_EDGE('',*,*,#1472,.T.);
#1409=ORIENTED_EDGE('',*,*,#1798,.T.);
#1410=ORIENTED_EDGE('',*,*,#1686,.T.);
#1411=ORIENTED_EDGE('',*,*,#1784,.F.);
#1412=ORIENTED_EDGE('',*,*,#1475,.T.);
#1413=ORIENTED_EDGE('',*,*,#1791,.T.);
#1414=ORIENTED_EDGE('',*,*,#1683,.T.);
#1415=ORIENTED_EDGE('',*,*,#1788,.F.);
#1416=ORIENTED_EDGE('',*,*,#1799,.T.);
#1417=ORIENTED_EDGE('',*,*,#1800,.T.);
#1418=ORIENTED_EDGE('',*,*,#1801,.T.);
#1419=ORIENTED_EDGE('',*,*,#1802,.F.);
#1420=ORIENTED_EDGE('',*,*,#1803,.F.);
#1421=ORIENTED_EDGE('',*,*,#1804,.F.);
#1422=ORIENTED_EDGE('',*,*,#1805,.F.);
#1423=ORIENTED_EDGE('',*,*,#1806,.T.);
#1424=ORIENTED_EDGE('',*,*,#1801,.F.);
#1425=ORIENTED_EDGE('',*,*,#1693,.F.);
#1426=ORIENTED_EDGE('',*,*,#1800,.F.);
#1427=ORIENTED_EDGE('',*,*,#1806,.F.);
#1428=ORIENTED_EDGE('',*,*,#1807,.F.);
#1429=ORIENTED_EDGE('',*,*,#1785,.F.);
#1430=ORIENTED_EDGE('',*,*,#1799,.F.);
#1431=ORIENTED_EDGE('',*,*,#1787,.F.);
#1432=ORIENTED_EDGE('',*,*,#1575,.T.);
#1433=ORIENTED_EDGE('',*,*,#1808,.F.);
#1434=ORIENTED_EDGE('',*,*,#1809,.T.);
#1435=ORIENTED_EDGE('',*,*,#1810,.F.);
#1436=ORIENTED_EDGE('',*,*,#1804,.T.);
#1437=ORIENTED_EDGE('',*,*,#1811,.T.);
#1438=ORIENTED_EDGE('',*,*,#1812,.T.);
#1439=ORIENTED_EDGE('',*,*,#1813,.T.);
#1440=ORIENTED_EDGE('',*,*,#1814,.F.);
#1441=ORIENTED_EDGE('',*,*,#1808,.T.);
#1442=ORIENTED_EDGE('',*,*,#1574,.F.);
#1443=ORIENTED_EDGE('',*,*,#1813,.F.);
#1444=ORIENTED_EDGE('',*,*,#1815,.F.);
#1445=ORIENTED_EDGE('',*,*,#1811,.F.);
#1446=ORIENTED_EDGE('',*,*,#1805,.T.);
#1447=ORIENTED_EDGE('',*,*,#1810,.T.);
#1448=ORIENTED_EDGE('',*,*,#1812,.F.);
#1449=ORIENTED_EDGE('',*,*,#1815,.T.);
#1450=ORIENTED_EDGE('',*,*,#1809,.F.);
#1451=ORIENTED_EDGE('',*,*,#1814,.T.);
#1452=ORIENTED_EDGE('',*,*,#1803,.T.);
#1453=ORIENTED_EDGE('',*,*,#1573,.F.);
#1454=ORIENTED_EDGE('',*,*,#1802,.T.);
#1455=ORIENTED_EDGE('',*,*,#1572,.F.);
#1456=ORIENTED_EDGE('',*,*,#1786,.F.);
#1457=ORIENTED_EDGE('',*,*,#1807,.T.);
#1458=ORIENTED_EDGE('',*,*,#1460,.T.);
#1459=ORIENTED_EDGE('',*,*,#1780,.T.);
#1460=EDGE_CURVE('',#1816,#1817,#2056,.T.);
#1461=EDGE_CURVE('',#1816,#1818,#120,.F.);
#1462=EDGE_CURVE('',#1819,#1818,#116,.T.);
#1463=EDGE_CURVE('',#1819,#1817,#121,.T.);
#1464=EDGE_CURVE('',#1820,#1821,#122,.T.);
#1465=EDGE_CURVE('',#1822,#1820,#123,.T.);
#1466=EDGE_CURVE('',#1823,#1822,#2057,.T.);
#1467=EDGE_CURVE('',#1824,#1823,#124,.T.);
#1468=EDGE_CURVE('',#1825,#1824,#125,.T.);
#1469=EDGE_CURVE('',#1826,#1825,#126,.T.);
#1470=EDGE_CURVE('',#1827,#1826,#127,.T.);
#1471=EDGE_CURVE('',#1828,#1827,#128,.T.);
#1472=EDGE_CURVE('',#1829,#1828,#129,.T.);
#1473=EDGE_CURVE('',#1830,#1829,#130,.T.);
#1474=EDGE_CURVE('',#1831,#1830,#131,.T.);
#1475=EDGE_CURVE('',#1832,#1831,#2058,.T.);
#1476=EDGE_CURVE('',#1833,#1832,#132,.T.);
#1477=EDGE_CURVE('',#1834,#1833,#133,.T.);
#1478=EDGE_CURVE('',#1835,#1834,#134,.T.);
#1479=EDGE_CURVE('',#1836,#1835,#135,.T.);
#1480=EDGE_CURVE('',#1837,#1836,#136,.T.);
#1481=EDGE_CURVE('',#1838,#1837,#137,.T.);
#1482=EDGE_CURVE('',#1839,#1838,#138,.T.);
#1483=EDGE_CURVE('',#1840,#1839,#139,.T.);
#1484=EDGE_CURVE('',#1841,#1840,#2059,.T.);
#1485=EDGE_CURVE('',#1842,#1841,#140,.T.);
#1486=EDGE_CURVE('',#1843,#1842,#141,.T.);
#1487=EDGE_CURVE('',#1844,#1843,#142,.T.);
#1488=EDGE_CURVE('',#1845,#1844,#143,.T.);
#1489=EDGE_CURVE('',#1846,#1845,#144,.T.);
#1490=EDGE_CURVE('',#1847,#1846,#145,.T.);
#1491=EDGE_CURVE('',#1848,#1847,#146,.T.);
#1492=EDGE_CURVE('',#1849,#1848,#147,.T.);
#1493=EDGE_CURVE('',#1850,#1849,#2060,.T.);
#1494=EDGE_CURVE('',#1851,#1850,#148,.T.);
#1495=EDGE_CURVE('',#1852,#1851,#149,.T.);
#1496=EDGE_CURVE('',#1853,#1852,#150,.T.);
#1497=EDGE_CURVE('',#1854,#1853,#151,.T.);
#1498=EDGE_CURVE('',#1855,#1854,#152,.T.);
#1499=EDGE_CURVE('',#1856,#1855,#153,.T.);
#1500=EDGE_CURVE('',#1857,#1856,#154,.T.);
#1501=EDGE_CURVE('',#1858,#1857,#155,.T.);
#1502=EDGE_CURVE('',#1859,#1858,#2061,.T.);
#1503=EDGE_CURVE('',#1860,#1859,#156,.T.);
#1504=EDGE_CURVE('',#1861,#1860,#157,.T.);
#1505=EDGE_CURVE('',#1862,#1861,#158,.T.);
#1506=EDGE_CURVE('',#1863,#1862,#159,.T.);
#1507=EDGE_CURVE('',#1864,#1863,#160,.T.);
#1508=EDGE_CURVE('',#1865,#1864,#161,.T.);
#1509=EDGE_CURVE('',#1866,#1865,#162,.T.);
#1510=EDGE_CURVE('',#1867,#1866,#163,.T.);
#1511=EDGE_CURVE('',#1868,#1867,#2062,.T.);
#1512=EDGE_CURVE('',#1869,#1868,#164,.T.);
#1513=EDGE_CURVE('',#1870,#1869,#165,.T.);
#1514=EDGE_CURVE('',#1871,#1870,#166,.T.);
#1515=EDGE_CURVE('',#1872,#1871,#167,.T.);
#1516=EDGE_CURVE('',#1873,#1872,#168,.T.);
#1517=EDGE_CURVE('',#1874,#1873,#169,.T.);
#1518=EDGE_CURVE('',#1875,#1874,#170,.T.);
#1519=EDGE_CURVE('',#1876,#1875,#171,.T.);
#1520=EDGE_CURVE('',#1877,#1876,#2063,.T.);
#1521=EDGE_CURVE('',#1878,#1877,#172,.T.);
#1522=EDGE_CURVE('',#1879,#1878,#173,.T.);
#1523=EDGE_CURVE('',#1880,#1879,#174,.T.);
#1524=EDGE_CURVE('',#1881,#1880,#175,.T.);
#1525=EDGE_CURVE('',#1882,#1881,#176,.T.);
#1526=EDGE_CURVE('',#1883,#1882,#177,.T.);
#1527=EDGE_CURVE('',#1884,#1883,#178,.T.);
#1528=EDGE_CURVE('',#1885,#1884,#179,.T.);
#1529=EDGE_CURVE('',#1886,#1885,#2064,.T.);
#1530=EDGE_CURVE('',#1887,#1886,#180,.T.);
#1531=EDGE_CURVE('',#1888,#1887,#181,.T.);
#1532=EDGE_CURVE('',#1889,#1888,#182,.T.);
#1533=EDGE_CURVE('',#1890,#1889,#183,.T.);
#1534=EDGE_CURVE('',#1891,#1890,#184,.T.);
#1535=EDGE_CURVE('',#1892,#1891,#185,.T.);
#1536=EDGE_CURVE('',#1893,#1892,#186,.T.);
#1537=EDGE_CURVE('',#1894,#1893,#187,.T.);
#1538=EDGE_CURVE('',#1895,#1894,#2065,.T.);
#1539=EDGE_CURVE('',#1896,#1895,#188,.T.);
#1540=EDGE_CURVE('',#1897,#1896,#189,.T.);
#1541=EDGE_CURVE('',#1898,#1897,#190,.T.);
#1542=EDGE_CURVE('',#1899,#1898,#191,.T.);
#1543=EDGE_CURVE('',#1900,#1899,#192,.T.);
#1544=EDGE_CURVE('',#1901,#1900,#193,.T.);
#1545=EDGE_CURVE('',#1902,#1901,#194,.T.);
#1546=EDGE_CURVE('',#1903,#1902,#195,.T.);
#1547=EDGE_CURVE('',#1904,#1903,#2066,.T.);
#1548=EDGE_CURVE('',#1905,#1904,#196,.T.);
#1549=EDGE_CURVE('',#1906,#1905,#197,.T.);
#1550=EDGE_CURVE('',#1907,#1906,#198,.T.);
#1551=EDGE_CURVE('',#1908,#1907,#199,.T.);
#1552=EDGE_CURVE('',#1909,#1908,#200,.T.);
#1553=EDGE_CURVE('',#1910,#1909,#201,.T.);
#1554=EDGE_CURVE('',#1911,#1910,#202,.T.);
#1555=EDGE_CURVE('',#1912,#1911,#203,.T.);
#1556=EDGE_CURVE('',#1913,#1912,#2067,.T.);
#1557=EDGE_CURVE('',#1914,#1913,#204,.T.);
#1558=EDGE_CURVE('',#1915,#1914,#205,.T.);
#1559=EDGE_CURVE('',#1916,#1915,#206,.T.);
#1560=EDGE_CURVE('',#1917,#1916,#207,.T.);
#1561=EDGE_CURVE('',#1918,#1917,#208,.T.);
#1562=EDGE_CURVE('',#1919,#1918,#209,.T.);
#1563=EDGE_CURVE('',#1920,#1919,#210,.T.);
#1564=EDGE_CURVE('',#1921,#1920,#211,.T.);
#1565=EDGE_CURVE('',#1922,#1921,#2068,.T.);
#1566=EDGE_CURVE('',#1923,#1922,#212,.T.);
#1567=EDGE_CURVE('',#1924,#1923,#213,.T.);
#1568=EDGE_CURVE('',#1925,#1924,#214,.T.);
#1569=EDGE_CURVE('',#1926,#1925,#215,.T.);
#1570=EDGE_CURVE('',#1927,#1926,#216,.T.);
#1571=EDGE_CURVE('',#1821,#1927,#217,.T.);
#1572=EDGE_CURVE('',#1928,#1928,#2069,.T.);
#1573=EDGE_CURVE('',#1929,#1929,#2070,.T.);
#1574=EDGE_CURVE('',#1930,#1931,#218,.F.);
#1575=EDGE_CURVE('',#1930,#1931,#2071,.T.);
#1576=EDGE_CURVE('',#1932,#1933,#219,.T.);
#1577=EDGE_CURVE('',#1822,#1933,#220,.F.);
#1578=EDGE_CURVE('',#1820,#1932,#221,.T.);
#1579=EDGE_CURVE('',#1923,#1934,#222,.T.);
#1580=EDGE_CURVE('',#1922,#1935,#223,.F.);
#1581=EDGE_CURVE('',#1935,#1934,#224,.T.);
#1582=EDGE_CURVE('',#1924,#1936,#225,.T.);
#1583=EDGE_CURVE('',#1934,#1936,#226,.T.);
#1584=EDGE_CURVE('',#1821,#1937,#227,.T.);
#1585=EDGE_CURVE('',#1937,#1932,#228,.T.);
#1586=EDGE_CURVE('',#1925,#1938,#229,.T.);
#1587=EDGE_CURVE('',#1936,#1938,#230,.T.);
#1588=EDGE_CURVE('',#1926,#1939,#231,.T.);
#1589=EDGE_CURVE('',#1938,#1939,#232,.T.);
#1590=EDGE_CURVE('',#1927,#1940,#233,.T.);
#1591=EDGE_CURVE('',#1939,#1940,#234,.T.);
#1592=EDGE_CURVE('',#1940,#1937,#235,.T.);
#1593=EDGE_CURVE('',#1941,#1935,#2072,.T.);
#1594=EDGE_CURVE('',#1942,#1941,#236,.T.);
#1595=EDGE_CURVE('',#1943,#1942,#237,.T.);
#1596=EDGE_CURVE('',#1944,#1943,#238,.T.);
#1597=EDGE_CURVE('',#1945,#1944,#239,.T.);
#1598=EDGE_CURVE('',#1946,#1945,#240,.T.);
#1599=EDGE_CURVE('',#1947,#1946,#241,.T.);
#1600=EDGE_CURVE('',#1948,#1947,#242,.T.);
#1601=EDGE_CURVE('',#1949,#1948,#243,.T.);
#1602=EDGE_CURVE('',#1950,#1949,#2073,.T.);
#1603=EDGE_CURVE('',#1951,#1950,#244,.T.);
#1604=EDGE_CURVE('',#1952,#1951,#245,.T.);
#1605=EDGE_CURVE('',#1953,#1952,#246,.T.);
#1606=EDGE_CURVE('',#1954,#1953,#247,.T.);
#1607=EDGE_CURVE('',#1955,#1954,#248,.T.);
#1608=EDGE_CURVE('',#1956,#1955,#249,.T.);
#1609=EDGE_CURVE('',#1957,#1956,#250,.T.);
#1610=EDGE_CURVE('',#1958,#1957,#251,.T.);
#1611=EDGE_CURVE('',#1959,#1958,#2074,.T.);
#1612=EDGE_CURVE('',#1960,#1959,#252,.T.);
#1613=EDGE_CURVE('',#1961,#1960,#253,.T.);
#1614=EDGE_CURVE('',#1962,#1961,#254,.T.);
#1615=EDGE_CURVE('',#1963,#1962,#255,.T.);
#1616=EDGE_CURVE('',#1964,#1963,#256,.T.);
#1617=EDGE_CURVE('',#1965,#1964,#257,.T.);
#1618=EDGE_CURVE('',#1966,#1965,#258,.T.);
#1619=EDGE_CURVE('',#1967,#1966,#259,.T.);
#1620=EDGE_CURVE('',#1968,#1967,#2075,.T.);
#1621=EDGE_CURVE('',#1969,#1968,#260,.T.);
#1622=EDGE_CURVE('',#1970,#1969,#261,.T.);
#1623=EDGE_CURVE('',#1971,#1970,#262,.T.);
#1624=EDGE_CURVE('',#1972,#1971,#263,.T.);
#1625=EDGE_CURVE('',#1973,#1972,#264,.T.);
#1626=EDGE_CURVE('',#1974,#1973,#265,.T.);
#1627=EDGE_CURVE('',#1975,#1974,#266,.T.);
#1628=EDGE_CURVE('',#1976,#1975,#267,.T.);
#1629=EDGE_CURVE('',#1977,#1976,#2076,.T.);
#1630=EDGE_CURVE('',#1978,#1977,#268,.T.);
#1631=EDGE_CURVE('',#1979,#1978,#269,.T.);
#1632=EDGE_CURVE('',#1980,#1979,#270,.T.);
#1633=EDGE_CURVE('',#1981,#1980,#271,.T.);
#1634=EDGE_CURVE('',#1982,#1981,#272,.T.);
#1635=EDGE_CURVE('',#1983,#1982,#273,.T.);
#1636=EDGE_CURVE('',#1984,#1983,#274,.T.);
#1637=EDGE_CURVE('',#1985,#1984,#275,.T.);
#1638=EDGE_CURVE('',#1986,#1985,#2077,.T.);
#1639=EDGE_CURVE('',#1987,#1986,#276,.T.);
#1640=EDGE_CURVE('',#1988,#1987,#277,.T.);
#1641=EDGE_CURVE('',#1989,#1988,#278,.T.);
#1642=EDGE_CURVE('',#1990,#1989,#279,.T.);
#1643=EDGE_CURVE('',#1991,#1990,#280,.T.);
#1644=EDGE_CURVE('',#1992,#1991,#281,.T.);
#1645=EDGE_CURVE('',#1993,#1992,#282,.T.);
#1646=EDGE_CURVE('',#1994,#1993,#283,.T.);
#1647=EDGE_CURVE('',#1995,#1994,#2078,.T.);
#1648=EDGE_CURVE('',#1996,#1995,#284,.T.);
#1649=EDGE_CURVE('',#1997,#1996,#285,.T.);
#1650=EDGE_CURVE('',#1998,#1997,#286,.T.);
#1651=EDGE_CURVE('',#1999,#1998,#287,.T.);
#1652=EDGE_CURVE('',#2000,#1999,#288,.T.);
#1653=EDGE_CURVE('',#2001,#2000,#289,.T.);
#1654=EDGE_CURVE('',#2002,#2001,#290,.T.);
#1655=EDGE_CURVE('',#2003,#2002,#291,.T.);
#1656=EDGE_CURVE('',#2004,#2003,#2079,.T.);
#1657=EDGE_CURVE('',#2005,#2004,#292,.T.);
#1658=EDGE_CURVE('',#2006,#2005,#293,.T.);
#1659=EDGE_CURVE('',#2007,#2006,#294,.T.);
#1660=EDGE_CURVE('',#2008,#2007,#295,.T.);
#1661=EDGE_CURVE('',#2009,#2008,#296,.T.);
#1662=EDGE_CURVE('',#2010,#2009,#297,.T.);
#1663=EDGE_CURVE('',#2011,#2010,#298,.T.);
#1664=EDGE_CURVE('',#2012,#2011,#299,.T.);
#1665=EDGE_CURVE('',#2013,#2012,#2080,.T.);
#1666=EDGE_CURVE('',#2014,#2013,#300,.T.);
#1667=EDGE_CURVE('',#2015,#2014,#301,.T.);
#1668=EDGE_CURVE('',#2016,#2015,#302,.T.);
#1669=EDGE_CURVE('',#2017,#2016,#303,.T.);
#1670=EDGE_CURVE('',#2018,#2017,#304,.T.);
#1671=EDGE_CURVE('',#2019,#2018,#305,.T.);
#1672=EDGE_CURVE('',#2020,#2019,#306,.T.);
#1673=EDGE_CURVE('',#2021,#2020,#307,.T.);
#1674=EDGE_CURVE('',#2022,#2021,#2081,.T.);
#1675=EDGE_CURVE('',#2023,#2022,#308,.T.);
#1676=EDGE_CURVE('',#2024,#2023,#309,.T.);
#1677=EDGE_CURVE('',#2025,#2024,#310,.T.);
#1678=EDGE_CURVE('',#2026,#2025,#311,.T.);
#1679=EDGE_CURVE('',#2027,#2026,#312,.T.);
#1680=EDGE_CURVE('',#2028,#2027,#313,.T.);
#1681=EDGE_CURVE('',#2029,#2028,#314,.T.);
#1682=EDGE_CURVE('',#2030,#2029,#315,.T.);
#1683=EDGE_CURVE('',#2031,#2030,#2082,.T.);
#1684=EDGE_CURVE('',#2032,#2031,#316,.T.);
#1685=EDGE_CURVE('',#2033,#2032,#317,.T.);
#1686=EDGE_CURVE('',#2034,#2033,#318,.T.);
#1687=EDGE_CURVE('',#2035,#2034,#319,.T.);
#1688=EDGE_CURVE('',#2036,#2035,#320,.T.);
#1689=EDGE_CURVE('',#2037,#2036,#321,.T.);
#1690=EDGE_CURVE('',#2038,#2037,#322,.T.);
#1691=EDGE_CURVE('',#2039,#2038,#323,.T.);
#1692=EDGE_CURVE('',#1933,#2039,#2083,.T.);
#1693=EDGE_CURVE('',#2040,#2040,#2084,.T.);
#1694=EDGE_CURVE('',#1823,#2039,#324,.F.);
#1695=EDGE_CURVE('',#1921,#1941,#325,.F.);
#1696=EDGE_CURVE('',#1920,#1942,#326,.T.);
#1697=EDGE_CURVE('',#1914,#1948,#327,.T.);
#1698=EDGE_CURVE('',#1913,#1949,#328,.F.);
#1699=EDGE_CURVE('',#1915,#1947,#329,.T.);
#1700=EDGE_CURVE('',#1919,#1943,#330,.T.);
#1701=EDGE_CURVE('',#1916,#1946,#331,.T.);
#1702=EDGE_CURVE('',#1917,#1945,#332,.T.);
#1703=EDGE_CURVE('',#1918,#1944,#333,.T.);
#1704=EDGE_CURVE('',#1911,#1951,#334,.T.);
#1705=EDGE_CURVE('',#1910,#1952,#335,.T.);
#1706=EDGE_CURVE('',#1909,#1953,#336,.T.);
#1707=EDGE_CURVE('',#1912,#1950,#337,.F.);
#1708=EDGE_CURVE('',#1908,#1954,#338,.T.);
#1709=EDGE_CURVE('',#1905,#1957,#339,.T.);
#1710=EDGE_CURVE('',#1904,#1958,#340,.F.);
#1711=EDGE_CURVE('',#1906,#1956,#341,.T.);
#1712=EDGE_CURVE('',#1907,#1955,#342,.T.);
#1713=EDGE_CURVE('',#1903,#1959,#343,.F.);
#1714=EDGE_CURVE('',#1902,#1960,#344,.T.);
#1715=EDGE_CURVE('',#1896,#1966,#345,.T.);
#1716=EDGE_CURVE('',#1895,#1967,#346,.F.);
#1717=EDGE_CURVE('',#1897,#1965,#347,.T.);
#1718=EDGE_CURVE('',#1901,#1961,#348,.T.);
#1719=EDGE_CURVE('',#1898,#1964,#349,.T.);
#1720=EDGE_CURVE('',#1899,#1963,#350,.T.);
#1721=EDGE_CURVE('',#1900,#1962,#351,.T.);
#1722=EDGE_CURVE('',#1894,#1968,#352,.F.);
#1723=EDGE_CURVE('',#1893,#1969,#353,.T.);
#1724=EDGE_CURVE('',#1887,#1975,#354,.T.);
#1725=EDGE_CURVE('',#1886,#1976,#355,.F.);
#1726=EDGE_CURVE('',#1888,#1974,#356,.T.);
#1727=EDGE_CURVE('',#1892,#1970,#357,.T.);
#1728=EDGE_CURVE('',#1889,#1973,#358,.T.);
#1729=EDGE_CURVE('',#1890,#1972,#359,.T.);
#1730=EDGE_CURVE('',#1891,#1971,#360,.T.);
#1731=EDGE_CURVE('',#1885,#1977,#361,.F.);
#1732=EDGE_CURVE('',#1884,#1978,#362,.T.);
#1733=EDGE_CURVE('',#1878,#1984,#363,.T.);
#1734=EDGE_CURVE('',#1877,#1985,#364,.F.);
#1735=EDGE_CURVE('',#1879,#1983,#365,.T.);
#1736=EDGE_CURVE('',#1883,#1979,#366,.T.);
#1737=EDGE_CURVE('',#1880,#1982,#367,.T.);
#1738=EDGE_CURVE('',#1881,#1981,#368,.T.);
#1739=EDGE_CURVE('',#1882,#1980,#369,.T.);
#1740=EDGE_CURVE('',#1876,#1986,#370,.F.);
#1741=EDGE_CURVE('',#1875,#1987,#371,.T.);
#1742=EDGE_CURVE('',#1869,#1993,#372,.T.);
#1743=EDGE_CURVE('',#1868,#1994,#373,.F.);
#1744=EDGE_CURVE('',#1870,#1992,#374,.T.);
#1745=EDGE_CURVE('',#1874,#1988,#375,.T.);
#1746=EDGE_CURVE('',#1871,#1991,#376,.T.);
#1747=EDGE_CURVE('',#1872,#1990,#377,.T.);
#1748=EDGE_CURVE('',#1873,#1989,#378,.T.);
#1749=EDGE_CURVE('',#1867,#1995,#379,.F.);
#1750=EDGE_CURVE('',#1866,#1996,#380,.T.);
#1751=EDGE_CURVE('',#1860,#2002,#381,.T.);
#1752=EDGE_CURVE('',#1859,#2003,#382,.F.);
#1753=EDGE_CURVE('',#1861,#2001,#383,.T.);
#1754=EDGE_CURVE('',#1865,#1997,#384,.T.);
#1755=EDGE_CURVE('',#1862,#2000,#385,.T.);
#1756=EDGE_CURVE('',#1863,#1999,#386,.T.);
#1757=EDGE_CURVE('',#1864,#1998,#387,.T.);
#1758=EDGE_CURVE('',#1858,#2004,#388,.F.);
#1759=EDGE_CURVE('',#1857,#2005,#389,.T.);
#1760=EDGE_CURVE('',#1851,#2011,#390,.T.);
#1761=EDGE_CURVE('',#1850,#2012,#391,.F.);
#1762=EDGE_CURVE('',#1852,#2010,#392,.T.);
#1763=EDGE_CURVE('',#1856,#2006,#393,.T.);
#1764=EDGE_CURVE('',#1853,#2009,#394,.T.);
#1765=EDGE_CURVE('',#1854,#2008,#395,.T.);
#1766=EDGE_CURVE('',#1855,#2007,#396,.T.);
#1767=EDGE_CURVE('',#1849,#2013,#397,.F.);
#1768=EDGE_CURVE('',#1848,#2014,#398,.T.);
#1769=EDGE_CURVE('',#1842,#2020,#399,.T.);
#1770=EDGE_CURVE('',#1841,#2021,#400,.F.);
#1771=EDGE_CURVE('',#1843,#2019,#401,.T.);
#1772=EDGE_CURVE('',#1847,#2015,#402,.T.);
#1773=EDGE_CURVE('',#1844,#2018,#403,.T.);
#1774=EDGE_CURVE('',#1845,#2017,#404,.T.);
#1775=EDGE_CURVE('',#1846,#2016,#405,.T.);
#1776=EDGE_CURVE('',#1839,#2023,#406,.T.);
#1777=EDGE_CURVE('',#1838,#2024,#407,.T.);
#1778=EDGE_CURVE('',#1837,#2025,#408,.T.);
#1779=EDGE_CURVE('',#1818,#2022,#409,.F.);
#1780=EDGE_CURVE('',#1817,#1816,#410,.T.);
#1781=EDGE_CURVE('',#1840,#1819,#411,.F.);
#1782=EDGE_CURVE('',#1836,#2026,#412,.T.);
#1783=EDGE_CURVE('',#1833,#2029,#413,.T.);
#1784=EDGE_CURVE('',#1832,#2041,#414,.F.);
#1785=EDGE_CURVE('',#2041,#2042,#415,.T.);
#1786=EDGE_CURVE('',#2042,#2043,#416,.T.);
#1787=EDGE_CURVE('',#2043,#2044,#417,.F.);
#1788=EDGE_CURVE('',#2044,#2030,#418,.F.);
#1789=EDGE_CURVE('',#1834,#2028,#419,.T.);
#1790=EDGE_CURVE('',#1835,#2027,#420,.T.);
#1791=EDGE_CURVE('',#1831,#2031,#421,.F.);
#1792=EDGE_CURVE('',#1830,#2032,#422,.T.);
#1793=EDGE_CURVE('',#1824,#2038,#423,.T.);
#1794=EDGE_CURVE('',#1825,#2037,#424,.T.);
#1795=EDGE_CURVE('',#1829,#2033,#425,.T.);
#1796=EDGE_CURVE('',#1826,#2036,#426,.T.);
#1797=EDGE_CURVE('',#1827,#2035,#427,.T.);
#1798=EDGE_CURVE('',#1828,#2034,#428,.T.);
#1799=EDGE_CURVE('',#2044,#2041,#117,.T.);
#1800=EDGE_CURVE('',#2045,#2045,#2085,.F.);
#1801=EDGE_CURVE('',#2046,#2046,#2086,.F.);
#1802=EDGE_CURVE('',#2047,#2047,#2087,.T.);
#1803=EDGE_CURVE('',#2048,#2048,#2088,.T.);
#1804=EDGE_CURVE('',#2049,#2050,#2089,.F.);
#1805=EDGE_CURVE('',#2050,#2049,#429,.F.);
#1806=EDGE_CURVE('',#2051,#2051,#2090,.T.);
#1807=EDGE_CURVE('',#2042,#2043,#2091,.T.);
#1808=EDGE_CURVE('',#2052,#1931,#430,.T.);
#1809=EDGE_CURVE('',#2052,#2053,#118,.T.);
#1810=EDGE_CURVE('',#2049,#2053,#431,.T.);
#1811=EDGE_CURVE('',#2050,#2054,#432,.T.);
#1812=EDGE_CURVE('',#2054,#2055,#119,.T.);
#1813=EDGE_CURVE('',#2055,#1930,#433,.T.);
#1814=EDGE_CURVE('',#2052,#2053,#2092,.F.);
#1815=EDGE_CURVE('',#2054,#2055,#2093,.F.);
#1816=VERTEX_POINT('',#3328);
#1817=VERTEX_POINT('',#3329);
#1818=VERTEX_POINT('',#3331);
#1819=VERTEX_POINT('',#3338);
#1820=VERTEX_POINT('',#3342);
#1821=VERTEX_POINT('',#3343);
#1822=VERTEX_POINT('',#3345);
#1823=VERTEX_POINT('',#3347);
#1824=VERTEX_POINT('',#3349);
#1825=VERTEX_POINT('',#3351);
#1826=VERTEX_POINT('',#3353);
#1827=VERTEX_POINT('',#3355);
#1828=VERTEX_POINT('',#3357);
#1829=VERTEX_POINT('',#3359);
#1830=VERTEX_POINT('',#3361);
#1831=VERTEX_POINT('',#3363);
#1832=VERTEX_POINT('',#3365);
#1833=VERTEX_POINT('',#3367);
#1834=VERTEX_POINT('',#3369);
#1835=VERTEX_POINT('',#3371);
#1836=VERTEX_POINT('',#3373);
#1837=VERTEX_POINT('',#3375);
#1838=VERTEX_POINT('',#3377);
#1839=VERTEX_POINT('',#3379);
#1840=VERTEX_POINT('',#3381);
#1841=VERTEX_POINT('',#3383);
#1842=VERTEX_POINT('',#3385);
#1843=VERTEX_POINT('',#3387);
#1844=VERTEX_POINT('',#3389);
#1845=VERTEX_POINT('',#3391);
#1846=VERTEX_POINT('',#3393);
#1847=VERTEX_POINT('',#3395);
#1848=VERTEX_POINT('',#3397);
#1849=VERTEX_POINT('',#3399);
#1850=VERTEX_POINT('',#3401);
#1851=VERTEX_POINT('',#3403);
#1852=VERTEX_POINT('',#3405);
#1853=VERTEX_POINT('',#3407);
#1854=VERTEX_POINT('',#3409);
#1855=VERTEX_POINT('',#3411);
#1856=VERTEX_POINT('',#3413);
#1857=VERTEX_POINT('',#3415);
#1858=VERTEX_POINT('',#3417);
#1859=VERTEX_POINT('',#3419);
#1860=VERTEX_POINT('',#3421);
#1861=VERTEX_POINT('',#3423);
#1862=VERTEX_POINT('',#3425);
#1863=VERTEX_POINT('',#3427);
#1864=VERTEX_POINT('',#3429);
#1865=VERTEX_POINT('',#3431);
#1866=VERTEX_POINT('',#3433);
#1867=VERTEX_POINT('',#3435);
#1868=VERTEX_POINT('',#3437);
#1869=VERTEX_POINT('',#3439);
#1870=VERTEX_POINT('',#3441);
#1871=VERTEX_POINT('',#3443);
#1872=VERTEX_POINT('',#3445);
#1873=VERTEX_POINT('',#3447);
#1874=VERTEX_POINT('',#3449);
#1875=VERTEX_POINT('',#3451);
#1876=VERTEX_POINT('',#3453);
#1877=VERTEX_POINT('',#3455);
#1878=VERTEX_POINT('',#3457);
#1879=VERTEX_POINT('',#3459);
#1880=VERTEX_POINT('',#3461);
#1881=VERTEX_POINT('',#3463);
#1882=VERTEX_POINT('',#3465);
#1883=VERTEX_POINT('',#3467);
#1884=VERTEX_POINT('',#3469);
#1885=VERTEX_POINT('',#3471);
#1886=VERTEX_POINT('',#3473);
#1887=VERTEX_POINT('',#3475);
#1888=VERTEX_POINT('',#3477);
#1889=VERTEX_POINT('',#3479);
#1890=VERTEX_POINT('',#3481);
#1891=VERTEX_POINT('',#3483);
#1892=VERTEX_POINT('',#3485);
#1893=VERTEX_POINT('',#3487);
#1894=VERTEX_POINT('',#3489);
#1895=VERTEX_POINT('',#3491);
#1896=VERTEX_POINT('',#3493);
#1897=VERTEX_POINT('',#3495);
#1898=VERTEX_POINT('',#3497);
#1899=VERTEX_POINT('',#3499);
#1900=VERTEX_POINT('',#3501);
#1901=VERTEX_POINT('',#3503);
#1902=VERTEX_POINT('',#3505);
#1903=VERTEX_POINT('',#3507);
#1904=VERTEX_POINT('',#3509);
#1905=VERTEX_POINT('',#3511);
#1906=VERTEX_POINT('',#3513);
#1907=VERTEX_POINT('',#3515);
#1908=VERTEX_POINT('',#3517);
#1909=VERTEX_POINT('',#3519);
#1910=VERTEX_POINT('',#3521);
#1911=VERTEX_POINT('',#3523);
#1912=VERTEX_POINT('',#3525);
#1913=VERTEX_POINT('',#3527);
#1914=VERTEX_POINT('',#3529);
#1915=VERTEX_POINT('',#3531);
#1916=VERTEX_POINT('',#3533);
#1917=VERTEX_POINT('',#3535);
#1918=VERTEX_POINT('',#3537);
#1919=VERTEX_POINT('',#3539);
#1920=VERTEX_POINT('',#3541);
#1921=VERTEX_POINT('',#3543);
#1922=VERTEX_POINT('',#3545);
#1923=VERTEX_POINT('',#3547);
#1924=VERTEX_POINT('',#3549);
#1925=VERTEX_POINT('',#3551);
#1926=VERTEX_POINT('',#3553);
#1927=VERTEX_POINT('',#3555);
#1928=VERTEX_POINT('',#3558);
#1929=VERTEX_POINT('',#3560);
#1930=VERTEX_POINT('',#3562);
#1931=VERTEX_POINT('',#3563);
#1932=VERTEX_POINT('',#3567);
#1933=VERTEX_POINT('',#3568);
#1934=VERTEX_POINT('',#3573);
#1935=VERTEX_POINT('',#3575);
#1936=VERTEX_POINT('',#3579);
#1937=VERTEX_POINT('',#3583);
#1938=VERTEX_POINT('',#3587);
#1939=VERTEX_POINT('',#3591);
#1940=VERTEX_POINT('',#3595);
#1941=VERTEX_POINT('',#3601);
#1942=VERTEX_POINT('',#3603);
#1943=VERTEX_POINT('',#3605);
#1944=VERTEX_POINT('',#3607);
#1945=VERTEX_POINT('',#3609);
#1946=VERTEX_POINT('',#3611);
#1947=VERTEX_POINT('',#3613);
#1948=VERTEX_POINT('',#3615);
#1949=VERTEX_POINT('',#3617);
#1950=VERTEX_POINT('',#3619);
#1951=VERTEX_POINT('',#3621);
#1952=VERTEX_POINT('',#3623);
#1953=VERTEX_POINT('',#3625);
#1954=VERTEX_POINT('',#3627);
#1955=VERTEX_POINT('',#3629);
#1956=VERTEX_POINT('',#3631);
#1957=VERTEX_POINT('',#3633);
#1958=VERTEX_POINT('',#3635);
#1959=VERTEX_POINT('',#3637);
#1960=VERTEX_POINT('',#3639);
#1961=VERTEX_POINT('',#3641);
#1962=VERTEX_POINT('',#3643);
#1963=VERTEX_POINT('',#3645);
#1964=VERTEX_POINT('',#3647);
#1965=VERTEX_POINT('',#3649);
#1966=VERTEX_POINT('',#3651);
#1967=VERTEX_POINT('',#3653);
#1968=VERTEX_POINT('',#3655);
#1969=VERTEX_POINT('',#3657);
#1970=VERTEX_POINT('',#3659);
#1971=VERTEX_POINT('',#3661);
#1972=VERTEX_POINT('',#3663);
#1973=VERTEX_POINT('',#3665);
#1974=VERTEX_POINT('',#3667);
#1975=VERTEX_POINT('',#3669);
#1976=VERTEX_POINT('',#3671);
#1977=VERTEX_POINT('',#3673);
#1978=VERTEX_POINT('',#3675);
#1979=VERTEX_POINT('',#3677);
#1980=VERTEX_POINT('',#3679);
#1981=VERTEX_POINT('',#3681);
#1982=VERTEX_POINT('',#3683);
#1983=VERTEX_POINT('',#3685);
#1984=VERTEX_POINT('',#3687);
#1985=VERTEX_POINT('',#3689);
#1986=VERTEX_POINT('',#3691);
#1987=VERTEX_POINT('',#3693);
#1988=VERTEX_POINT('',#3695);
#1989=VERTEX_POINT('',#3697);
#1990=VERTEX_POINT('',#3699);
#1991=VERTEX_POINT('',#3701);
#1992=VERTEX_POINT('',#3703);
#1993=VERTEX_POINT('',#3705);
#1994=VERTEX_POINT('',#3707);
#1995=VERTEX_POINT('',#3709);
#1996=VERTEX_POINT('',#3711);
#1997=VERTEX_POINT('',#3713);
#1998=VERTEX_POINT('',#3715);
#1999=VERTEX_POINT('',#3717);
#2000=VERTEX_POINT('',#3719);
#2001=VERTEX_POINT('',#3721);
#2002=VERTEX_POINT('',#3723);
#2003=VERTEX_POINT('',#3725);
#2004=VERTEX_POINT('',#3727);
#2005=VERTEX_POINT('',#3729);
#2006=VERTEX_POINT('',#3731);
#2007=VERTEX_POINT('',#3733);
#2008=VERTEX_POINT('',#3735);
#2009=VERTEX_POINT('',#3737);
#2010=VERTEX_POINT('',#3739);
#2011=VERTEX_POINT('',#3741);
#2012=VERTEX_POINT('',#3743);
#2013=VERTEX_POINT('',#3745);
#2014=VERTEX_POINT('',#3747);
#2015=VERTEX_POINT('',#3749);
#2016=VERTEX_POINT('',#3751);
#2017=VERTEX_POINT('',#3753);
#2018=VERTEX_POINT('',#3755);
#2019=VERTEX_POINT('',#3757);
#2020=VERTEX_POINT('',#3759);
#2021=VERTEX_POINT('',#3761);
#2022=VERTEX_POINT('',#3763);
#2023=VERTEX_POINT('',#3765);
#2024=VERTEX_POINT('',#3767);
#2025=VERTEX_POINT('',#3769);
#2026=VERTEX_POINT('',#3771);
#2027=VERTEX_POINT('',#3773);
#2028=VERTEX_POINT('',#3775);
#2029=VERTEX_POINT('',#3777);
#2030=VERTEX_POINT('',#3779);
#2031=VERTEX_POINT('',#3781);
#2032=VERTEX_POINT('',#3783);
#2033=VERTEX_POINT('',#3785);
#2034=VERTEX_POINT('',#3787);
#2035=VERTEX_POINT('',#3789);
#2036=VERTEX_POINT('',#3791);
#2037=VERTEX_POINT('',#3793);
#2038=VERTEX_POINT('',#3795);
#2039=VERTEX_POINT('',#3797);
#2040=VERTEX_POINT('',#3800);
#2041=VERTEX_POINT('',#3979);
#2042=VERTEX_POINT('',#3981);
#2043=VERTEX_POINT('',#3983);
#2044=VERTEX_POINT('',#3985);
#2045=VERTEX_POINT('',#4019);
#2046=VERTEX_POINT('',#4021);
#2047=VERTEX_POINT('',#4024);
#2048=VERTEX_POINT('',#4026);
#2049=VERTEX_POINT('',#4028);
#2050=VERTEX_POINT('',#4029);
#2051=VERTEX_POINT('',#4032);
#2052=VERTEX_POINT('',#4039);
#2053=VERTEX_POINT('',#4045);
#2054=VERTEX_POINT('',#4048);
#2055=VERTEX_POINT('',#4054);
#2056=CIRCLE('',#2524,0.002516);
#2057=CIRCLE('',#2526,0.02032);
#2058=CIRCLE('',#2527,0.02032);
#2059=CIRCLE('',#2528,0.02032);
#2060=CIRCLE('',#2529,0.02032);
#2061=CIRCLE('',#2530,0.02032);
#2062=CIRCLE('',#2531,0.02032);
#2063=CIRCLE('',#2532,0.02032);
#2064=CIRCLE('',#2533,0.02032);
#2065=CIRCLE('',#2534,0.02032);
#2066=CIRCLE('',#2535,0.02032);
#2067=CIRCLE('',#2536,0.02032);
#2068=CIRCLE('',#2537,0.02032);
#2069=CIRCLE('',#2538,0.0017);
#2070=CIRCLE('',#2539,0.0017);
#2071=CIRCLE('',#2540,0.002127);
#2072=CIRCLE('',#2550,0.02032);
#2073=CIRCLE('',#2551,0.02032);
#2074=CIRCLE('',#2552,0.02032);
#2075=CIRCLE('',#2553,0.02032);
#2076=CIRCLE('',#2554,0.02032);
#2077=CIRCLE('',#2555,0.02032);
#2078=CIRCLE('',#2556,0.02032);
#2079=CIRCLE('',#2557,0.02032);
#2080=CIRCLE('',#2558,0.02032);
#2081=CIRCLE('',#2559,0.02032);
#2082=CIRCLE('',#2560,0.02032);
#2083=CIRCLE('',#2561,0.02032);
#2084=CIRCLE('',#2562,0.01905);
#2085=CIRCLE('',#2664,0.01651);
#2086=CIRCLE('',#2665,0.01651);
#2087=CIRCLE('',#2667,0.0017);
#2088=CIRCLE('',#2668,0.0017);
#2089=CIRCLE('',#2669,0.002127);
#2090=CIRCLE('',#2670,0.01397);
#2091=CIRCLE('',#2674,0.002516);
#2092=CIRCLE('',#2677,0.0015);
#2093=CIRCLE('',#2678,0.0015);
#2094=EDGE_LOOP('',(#748,#749,#750,#751));
#2095=EDGE_LOOP('',(#752,#753,#754,#755,#756,#757,#758,#759,#760,#761,#762,#763,#764,#765,#766,#767,#768,#769,#770,#771,#772,#773,#774,#775,#776,#777,#778,#779,#780,#781,#782,#783,#784,#785,#786,#787,#788,#789,#790,#791,#792,#793,#794,#795,#796,#797,#798,#799,#800,#801,#802,#803,#804,#805,#806,#807,#808,#809,#810,#811,#812,#813,#814,#815,#816,#817,#818,#819,#820,#821,#822,#823,#824,#825,#826,#827,#828,#829,#830,#831,#832,#833,#834,#835,#836,#837,#838,#839,#840,#841,#842,#843,#844,#845,#846,#847,#848,#849,#850,#851,#852,#853,#854,#855,#856,#857,#858,#859));
#2096=EDGE_LOOP('',(#860));
#2097=EDGE_LOOP('',(#861));
#2098=EDGE_LOOP('',(#862,#863));
#2099=EDGE_LOOP('',(#864,#865,#866,#867));
#2100=EDGE_LOOP('',(#868,#869,#870,#871));
#2101=EDGE_LOOP('',(#872,#873,#874,#875));
#2102=EDGE_LOOP('',(#876,#877,#878,#879));
#2103=EDGE_LOOP('',(#880,#881,#882,#883));
#2104=EDGE_LOOP('',(#884,#885,#886,#887));
#2105=EDGE_LOOP('',(#888,#889,#890,#891));
#2106=EDGE_LOOP('',(#892,#893,#894,#895));
#2107=EDGE_LOOP('',(#896,#897,#898,#899,#900,#901,#902,#903,#904,#905,#906,#907,#908,#909,#910,#911,#912,#913,#914,#915,#916,#917,#918,#919,#920,#921,#922,#923,#924,#925,#926,#927,#928,#929,#930,#931,#932,#933,#934,#935,#936,#937,#938,#939,#940,#941,#942,#943,#944,#945,#946,#947,#948,#949,#950,#951,#952,#953,#954,#955,#956,#957,#958,#959,#960,#961,#962,#963,#964,#965,#966,#967,#968,#969,#970,#971,#972,#973,#974,#975,#976,#977,#978,#979,#980,#981,#982,#983,#984,#985,#986,#987,#988,#989,#990,#991,#992,#993,#994,#995,#996,#997,#998,#999,#1000,#1001,#1002,#1003));
#2108=EDGE_LOOP('',(#1004));
#2109=EDGE_LOOP('',(#1005,#1006,#1007,#1008));
#2110=EDGE_LOOP('',(#1009,#1010,#1011,#1012));
#2111=EDGE_LOOP('',(#1013,#1014,#1015,#1016));
#2112=EDGE_LOOP('',(#1017,#1018,#1019,#1020));
#2113=EDGE_LOOP('',(#1021,#1022,#1023,#1024));
#2114=EDGE_LOOP('',(#1025,#1026,#1027,#1028));
#2115=EDGE_LOOP('',(#1029,#1030,#1031,#1032));
#2116=EDGE_LOOP('',(#1033,#1034,#1035,#1036));
#2117=EDGE_LOOP('',(#1037,#1038,#1039,#1040));
#2118=EDGE_LOOP('',(#1041,#1042,#1043,#1044));
#2119=EDGE_LOOP('',(#1045,#1046,#1047,#1048));
#2120=EDGE_LOOP('',(#1049,#1050,#1051,#1052));
#2121=EDGE_LOOP('',(#1053,#1054,#1055,#1056));
#2122=EDGE_LOOP('',(#1057,#1058,#1059,#1060));
#2123=EDGE_LOOP('',(#1061,#1062,#1063,#1064));
#2124=EDGE_LOOP('',(#1065,#1066,#1067,#1068));
#2125=EDGE_LOOP('',(#1069,#1070,#1071,#1072));
#2126=EDGE_LOOP('',(#1073,#1074,#1075,#1076));
#2127=EDGE_LOOP('',(#1077,#1078,#1079,#1080));
#2128=EDGE_LOOP('',(#1081,#1082,#1083,#1084));
#2129=EDGE_LOOP('',(#1085,#1086,#1087,#1088));
#2130=EDGE_LOOP('',(#1089,#1090,#1091,#1092));
#2131=EDGE_LOOP('',(#1093,#1094,#1095,#1096));
#2132=EDGE_LOOP('',(#1097,#1098,#1099,#1100));
#2133=EDGE_LOOP('',(#1101,#1102,#1103,#1104));
#2134=EDGE_LOOP('',(#1105,#1106,#1107,#1108));
#2135=EDGE_LOOP('',(#1109,#1110,#1111,#1112));
#2136=EDGE_LOOP('',(#1113,#1114,#1115,#1116));
#2137=EDGE_LOOP('',(#1117,#1118,#1119,#1120));
#2138=EDGE_LOOP('',(#1121,#1122,#1123,#1124));
#2139=EDGE_LOOP('',(#1125,#1126,#1127,#1128));
#2140=EDGE_LOOP('',(#1129,#1130,#1131,#1132));
#2141=EDGE_LOOP('',(#1133,#1134,#1135,#1136));
#2142=EDGE_LOOP('',(#1137,#1138,#1139,#1140));
#2143=EDGE_LOOP('',(#1141,#1142,#1143,#1144));
#2144=EDGE_LOOP('',(#1145,#1146,#1147,#1148));
#2145=EDGE_LOOP('',(#1149,#1150,#1151,#1152));
#2146=EDGE_LOOP('',(#1153,#1154,#1155,#1156));
#2147=EDGE_LOOP('',(#1157,#1158,#1159,#1160));
#2148=EDGE_LOOP('',(#1161,#1162,#1163,#1164));
#2149=EDGE_LOOP('',(#1165,#1166,#1167,#1168));
#2150=EDGE_LOOP('',(#1169,#1170,#1171,#1172));
#2151=EDGE_LOOP('',(#1173,#1174,#1175,#1176));
#2152=EDGE_LOOP('',(#1177,#1178,#1179,#1180));
#2153=EDGE_LOOP('',(#1181,#1182,#1183,#1184));
#2154=EDGE_LOOP('',(#1185,#1186,#1187,#1188));
#2155=EDGE_LOOP('',(#1189,#1190,#1191,#1192));
#2156=EDGE_LOOP('',(#1193,#1194,#1195,#1196));
#2157=EDGE_LOOP('',(#1197,#1198,#1199,#1200));
#2158=EDGE_LOOP('',(#1201,#1202,#1203,#1204));
#2159=EDGE_LOOP('',(#1205,#1206,#1207,#1208));
#2160=EDGE_LOOP('',(#1209,#1210,#1211,#1212));
#2161=EDGE_LOOP('',(#1213,#1214,#1215,#1216));
#2162=EDGE_LOOP('',(#1217,#1218,#1219,#1220));
#2163=EDGE_LOOP('',(#1221,#1222,#1223,#1224));
#2164=EDGE_LOOP('',(#1225,#1226,#1227,#1228));
#2165=EDGE_LOOP('',(#1229,#1230,#1231,#1232));
#2166=EDGE_LOOP('',(#1233,#1234,#1235,#1236));
#2167=EDGE_LOOP('',(#1237,#1238,#1239,#1240));
#2168=EDGE_LOOP('',(#1241,#1242,#1243,#1244));
#2169=EDGE_LOOP('',(#1245,#1246,#1247,#1248));
#2170=EDGE_LOOP('',(#1249,#1250,#1251,#1252));
#2171=EDGE_LOOP('',(#1253,#1254,#1255,#1256));
#2172=EDGE_LOOP('',(#1257,#1258,#1259,#1260));
#2173=EDGE_LOOP('',(#1261,#1262,#1263,#1264));
#2174=EDGE_LOOP('',(#1265,#1266,#1267,#1268));
#2175=EDGE_LOOP('',(#1269,#1270,#1271,#1272));
#2176=EDGE_LOOP('',(#1273,#1274,#1275,#1276));
#2177=EDGE_LOOP('',(#1277,#1278,#1279,#1280));
#2178=EDGE_LOOP('',(#1281,#1282,#1283,#1284));
#2179=EDGE_LOOP('',(#1285,#1286,#1287,#1288));
#2180=EDGE_LOOP('',(#1289,#1290,#1291,#1292));
#2181=EDGE_LOOP('',(#1293,#1294,#1295,#1296));
#2182=EDGE_LOOP('',(#1297,#1298,#1299,#1300));
#2183=EDGE_LOOP('',(#1301,#1302,#1303,#1304));
#2184=EDGE_LOOP('',(#1305,#1306,#1307,#1308));
#2185=EDGE_LOOP('',(#1309,#1310,#1311,#1312));
#2186=EDGE_LOOP('',(#1313,#1314,#1315,#1316));
#2187=EDGE_LOOP('',(#1317,#1318,#1319,#1320));
#2188=EDGE_LOOP('',(#1321,#1322,#1323,#1324));
#2189=EDGE_LOOP('',(#1325,#1326,#1327,#1328));
#2190=EDGE_LOOP('',(#1329,#1330,#1331,#1332));
#2191=EDGE_LOOP('',(#1333,#1334,#1335,#1336));
#2192=EDGE_LOOP('',(#1337,#1338,#1339,#1340));
#2193=EDGE_LOOP('',(#1341,#1342,#1343,#1344,#1345,#1346,#1347,#1348));
#2194=EDGE_LOOP('',(#1349,#1350,#1351,#1352));
#2195=EDGE_LOOP('',(#1353,#1354,#1355,#1356,#1357,#1358,#1359,#1360));
#2196=EDGE_LOOP('',(#1361,#1362,#1363,#1364));
#2197=EDGE_LOOP('',(#1365,#1366,#1367,#1368));
#2198=EDGE_LOOP('',(#1369,#1370,#1371,#1372));
#2199=EDGE_LOOP('',(#1373,#1374,#1375,#1376,#1377,#1378));
#2200=EDGE_LOOP('',(#1379,#1380,#1381,#1382));
#2201=EDGE_LOOP('',(#1383,#1384,#1385,#1386));
#2202=EDGE_LOOP('',(#1387,#1388,#1389,#1390));
#2203=EDGE_LOOP('',(#1391,#1392,#1393,#1394));
#2204=EDGE_LOOP('',(#1395,#1396,#1397,#1398));
#2205=EDGE_LOOP('',(#1399,#1400,#1401,#1402));
#2206=EDGE_LOOP('',(#1403,#1404,#1405,#1406));
#2207=EDGE_LOOP('',(#1407,#1408,#1409,#1410));
#2208=EDGE_LOOP('',(#1411,#1412,#1413,#1414,#1415,#1416));
#2209=EDGE_LOOP('',(#1417));
#2210=EDGE_LOOP('',(#1418));
#2211=EDGE_LOOP('',(#1419));
#2212=EDGE_LOOP('',(#1420));
#2213=EDGE_LOOP('',(#1421,#1422));
#2214=EDGE_LOOP('',(#1423));
#2215=EDGE_LOOP('',(#1424));
#2216=EDGE_LOOP('',(#1425));
#2217=EDGE_LOOP('',(#1426));
#2218=EDGE_LOOP('',(#1427));
#2219=EDGE_LOOP('',(#1428,#1429,#1430,#1431));
#2220=EDGE_LOOP('',(#1432,#1433,#1434,#1435,#1436,#1437,#1438,#1439));
#2221=EDGE_LOOP('',(#1440,#1441,#1442,#1443,#1444,#1445,#1446,#1447));
#2222=EDGE_LOOP('',(#1448,#1449));
#2223=EDGE_LOOP('',(#1450,#1451));
#2224=EDGE_LOOP('',(#1452));
#2225=EDGE_LOOP('',(#1453));
#2226=EDGE_LOOP('',(#1454));
#2227=EDGE_LOOP('',(#1455));
#2228=EDGE_LOOP('',(#1456,#1457));
#2229=EDGE_LOOP('',(#1458,#1459));
#2230=FACE_BOUND('',#2094,.T.);
#2231=FACE_BOUND('',#2095,.T.);
#2232=FACE_BOUND('',#2096,.T.);
#2233=FACE_BOUND('',#2097,.T.);
#2234=FACE_BOUND('',#2098,.T.);
#2235=FACE_BOUND('',#2099,.T.);
#2236=FACE_BOUND('',#2100,.T.);
#2237=FACE_BOUND('',#2101,.T.);
#2238=FACE_BOUND('',#2102,.T.);
#2239=FACE_BOUND('',#2103,.T.);
#2240=FACE_BOUND('',#2104,.T.);
#2241=FACE_BOUND('',#2105,.T.);
#2242=FACE_BOUND('',#2106,.T.);
#2243=FACE_BOUND('',#2107,.T.);
#2244=FACE_BOUND('',#2108,.T.);
#2245=FACE_BOUND('',#2109,.T.);
#2246=FACE_BOUND('',#2110,.T.);
#2247=FACE_BOUND('',#2111,.T.);
#2248=FACE_BOUND('',#2112,.T.);
#2249=FACE_BOUND('',#2113,.T.);
#2250=FACE_BOUND('',#2114,.T.);
#2251=FACE_BOUND('',#2115,.T.);
#2252=FACE_BOUND('',#2116,.T.);
#2253=FACE_BOUND('',#2117,.T.);
#2254=FACE_BOUND('',#2118,.T.);
#2255=FACE_BOUND('',#2119,.T.);
#2256=FACE_BOUND('',#2120,.T.);
#2257=FACE_BOUND('',#2121,.T.);
#2258=FACE_BOUND('',#2122,.T.);
#2259=FACE_BOUND('',#2123,.T.);
#2260=FACE_BOUND('',#2124,.T.);
#2261=FACE_BOUND('',#2125,.T.);
#2262=FACE_BOUND('',#2126,.T.);
#2263=FACE_BOUND('',#2127,.T.);
#2264=FACE_BOUND('',#2128,.T.);
#2265=FACE_BOUND('',#2129,.T.);
#2266=FACE_BOUND('',#2130,.T.);
#2267=FACE_BOUND('',#2131,.T.);
#2268=FACE_BOUND('',#2132,.T.);
#2269=FACE_BOUND('',#2133,.T.);
#2270=FACE_BOUND('',#2134,.T.);
#2271=FACE_BOUND('',#2135,.T.);
#2272=FACE_BOUND('',#2136,.T.);
#2273=FACE_BOUND('',#2137,.T.);
#2274=FACE_BOUND('',#2138,.T.);
#2275=FACE_BOUND('',#2139,.T.);
#2276=FACE_BOUND('',#2140,.T.);
#2277=FACE_BOUND('',#2141,.T.);
#2278=FACE_BOUND('',#2142,.T.);
#2279=FACE_BOUND('',#2143,.T.);
#2280=FACE_BOUND('',#2144,.T.);
#2281=FACE_BOUND('',#2145,.T.);
#2282=FACE_BOUND('',#2146,.T.);
#2283=FACE_BOUND('',#2147,.T.);
#2284=FACE_BOUND('',#2148,.T.);
#2285=FACE_BOUND('',#2149,.T.);
#2286=FACE_BOUND('',#2150,.T.);
#2287=FACE_BOUND('',#2151,.T.);
#2288=FACE_BOUND('',#2152,.T.);
#2289=FACE_BOUND('',#2153,.T.);
#2290=FACE_BOUND('',#2154,.T.);
#2291=FACE_BOUND('',#2155,.T.);
#2292=FACE_BOUND('',#2156,.T.);
#2293=FACE_BOUND('',#2157,.T.);
#2294=FACE_BOUND('',#2158,.T.);
#2295=FACE_BOUND('',#2159,.T.);
#2296=FACE_BOUND('',#2160,.T.);
#2297=FACE_BOUND('',#2161,.T.);
#2298=FACE_BOUND('',#2162,.T.);
#2299=FACE_BOUND('',#2163,.T.);
#2300=FACE_BOUND('',#2164,.T.);
#2301=FACE_BOUND('',#2165,.T.);
#2302=FACE_BOUND('',#2166,.T.);
#2303=FACE_BOUND('',#2167,.T.);
#2304=FACE_BOUND('',#2168,.T.);
#2305=FACE_BOUND('',#2169,.T.);
#2306=FACE_BOUND('',#2170,.T.);
#2307=FACE_BOUND('',#2171,.T.);
#2308=FACE_BOUND('',#2172,.T.);
#2309=FACE_BOUND('',#2173,.T.);
#2310=FACE_BOUND('',#2174,.T.);
#2311=FACE_BOUND('',#2175,.T.);
#2312=FACE_BOUND('',#2176,.T.);
#2313=FACE_BOUND('',#2177,.T.);
#2314=FACE_BOUND('',#2178,.T.);
#2315=FACE_BOUND('',#2179,.T.);
#2316=FACE_BOUND('',#2180,.T.);
#2317=FACE_BOUND('',#2181,.T.);
#2318=FACE_BOUND('',#2182,.T.);
#2319=FACE_BOUND('',#2183,.T.);
#2320=FACE_BOUND('',#2184,.T.);
#2321=FACE_BOUND('',#2185,.T.);
#2322=FACE_BOUND('',#2186,.T.);
#2323=FACE_BOUND('',#2187,.T.);
#2324=FACE_BOUND('',#2188,.T.);
#2325=FACE_BOUND('',#2189,.T.);
#2326=FACE_BOUND('',#2190,.T.);
#2327=FACE_BOUND('',#2191,.T.);
#2328=FACE_BOUND('',#2192,.T.);
#2329=FACE_BOUND('',#2193,.T.);
#2330=FACE_BOUND('',#2194,.T.);
#2331=FACE_BOUND('',#2195,.T.);
#2332=FACE_BOUND('',#2196,.T.);
#2333=FACE_BOUND('',#2197,.T.);
#2334=FACE_BOUND('',#2198,.T.);
#2335=FACE_BOUND('',#2199,.T.);
#2336=FACE_BOUND('',#2200,.T.);
#2337=FACE_BOUND('',#2201,.T.);
#2338=FACE_BOUND('',#2202,.T.);
#2339=FACE_BOUND('',#2203,.T.);
#2340=FACE_BOUND('',#2204,.T.);
#2341=FACE_BOUND('',#2205,.T.);
#2342=FACE_BOUND('',#2206,.T.);
#2343=FACE_BOUND('',#2207,.T.);
#2344=FACE_BOUND('',#2208,.T.);
#2345=FACE_BOUND('',#2209,.T.);
#2346=FACE_BOUND('',#2210,.T.);
#2347=FACE_BOUND('',#2211,.T.);
#2348=FACE_BOUND('',#2212,.T.);
#2349=FACE_BOUND('',#2213,.T.);
#2350=FACE_BOUND('',#2214,.T.);
#2351=FACE_BOUND('',#2215,.T.);
#2352=FACE_BOUND('',#2216,.T.);
#2353=FACE_BOUND('',#2217,.T.);
#2354=FACE_BOUND('',#2218,.T.);
#2355=FACE_BOUND('',#2219,.T.);
#2356=FACE_BOUND('',#2220,.T.);
#2357=FACE_BOUND('',#2221,.T.);
#2358=FACE_BOUND('',#2222,.T.);
#2359=FACE_BOUND('',#2223,.T.);
#2360=FACE_BOUND('',#2224,.T.);
#2361=FACE_BOUND('',#2225,.T.);
#2362=FACE_BOUND('',#2226,.T.);
#2363=FACE_BOUND('',#2227,.T.);
#2364=FACE_BOUND('',#2228,.T.);
#2365=FACE_BOUND('',#2229,.T.);
#2366=CYLINDRICAL_SURFACE('',#2523,0.002516);
#2367=CYLINDRICAL_SURFACE('',#2563,0.02032);
#2368=CYLINDRICAL_SURFACE('',#2572,0.02032);
#2369=CYLINDRICAL_SURFACE('',#2581,0.02032);
#2370=CYLINDRICAL_SURFACE('',#2590,0.02032);
#2371=CYLINDRICAL_SURFACE('',#2599,0.02032);
#2372=CYLINDRICAL_SURFACE('',#2608,0.02032);
#2373=CYLINDRICAL_SURFACE('',#2617,0.02032);
#2374=CYLINDRICAL_SURFACE('',#2626,0.02032);
#2375=CYLINDRICAL_SURFACE('',#2635,0.02032);
#2376=CYLINDRICAL_SURFACE('',#2644,0.02032);
#2377=CYLINDRICAL_SURFACE('',#2653,0.02032);
#2378=CYLINDRICAL_SURFACE('',#2662,0.02032);
#2379=CYLINDRICAL_SURFACE('',#2663,0.01651);
#2380=CYLINDRICAL_SURFACE('',#2673,0.002516);
#2381=CYLINDRICAL_SURFACE('',#2675,0.002127);
#2382=CYLINDRICAL_SURFACE('',#2679,0.0015);
#2383=CYLINDRICAL_SURFACE('',#2680,0.0015);
#2384=CYLINDRICAL_SURFACE('',#2681,0.0017);
#2385=CYLINDRICAL_SURFACE('',#2682,0.0017);
#2386=ADVANCED_FACE('',(#2230),#2366,.F.);
#2387=ADVANCED_FACE('',(#2231,#2232,#2233,#2234),#14,.F.);
#2388=ADVANCED_FACE('',(#2235),#15,.F.);
#2389=ADVANCED_FACE('',(#2236),#16,.F.);
#2390=ADVANCED_FACE('',(#2237),#17,.F.);
#2391=ADVANCED_FACE('',(#2238),#18,.F.);
#2392=ADVANCED_FACE('',(#2239),#19,.F.);
#2393=ADVANCED_FACE('',(#2240),#20,.F.);
#2394=ADVANCED_FACE('',(#2241),#21,.F.);
#2395=ADVANCED_FACE('',(#2242),#22,.F.);
#2396=ADVANCED_FACE('',(#2243,#2244),#23,.F.);
#2397=ADVANCED_FACE('',(#2245),#2367,.T.);
#2398=ADVANCED_FACE('',(#2246),#24,.F.);
#2399=ADVANCED_FACE('',(#2247),#25,.F.);
#2400=ADVANCED_FACE('',(#2248),#26,.F.);
#2401=ADVANCED_FACE('',(#2249),#27,.F.);
#2402=ADVANCED_FACE('',(#2250),#28,.F.);
#2403=ADVANCED_FACE('',(#2251),#29,.F.);
#2404=ADVANCED_FACE('',(#2252),#30,.F.);
#2405=ADVANCED_FACE('',(#2253),#31,.F.);
#2406=ADVANCED_FACE('',(#2254),#2368,.T.);
#2407=ADVANCED_FACE('',(#2255),#32,.F.);
#2408=ADVANCED_FACE('',(#2256),#33,.F.);
#2409=ADVANCED_FACE('',(#2257),#34,.F.);
#2410=ADVANCED_FACE('',(#2258),#35,.F.);
#2411=ADVANCED_FACE('',(#2259),#36,.F.);
#2412=ADVANCED_FACE('',(#2260),#37,.F.);
#2413=ADVANCED_FACE('',(#2261),#38,.F.);
#2414=ADVANCED_FACE('',(#2262),#39,.F.);
#2415=ADVANCED_FACE('',(#2263),#2369,.T.);
#2416=ADVANCED_FACE('',(#2264),#40,.F.);
#2417=ADVANCED_FACE('',(#2265),#41,.F.);
#2418=ADVANCED_FACE('',(#2266),#42,.F.);
#2419=ADVANCED_FACE('',(#2267),#43,.F.);
#2420=ADVANCED_FACE('',(#2268),#44,.F.);
#2421=ADVANCED_FACE('',(#2269),#45,.F.);
#2422=ADVANCED_FACE('',(#2270),#46,.F.);
#2423=ADVANCED_FACE('',(#2271),#47,.F.);
#2424=ADVANCED_FACE('',(#2272),#2370,.T.);
#2425=ADVANCED_FACE('',(#2273),#48,.F.);
#2426=ADVANCED_FACE('',(#2274),#49,.F.);
#2427=ADVANCED_FACE('',(#2275),#50,.F.);
#2428=ADVANCED_FACE('',(#2276),#51,.F.);
#2429=ADVANCED_FACE('',(#2277),#52,.F.);
#2430=ADVANCED_FACE('',(#2278),#53,.F.);
#2431=ADVANCED_FACE('',(#2279),#54,.F.);
#2432=ADVANCED_FACE('',(#2280),#55,.F.);
#2433=ADVANCED_FACE('',(#2281),#2371,.T.);
#2434=ADVANCED_FACE('',(#2282),#56,.F.);
#2435=ADVANCED_FACE('',(#2283),#57,.F.);
#2436=ADVANCED_FACE('',(#2284),#58,.F.);
#2437=ADVANCED_FACE('',(#2285),#59,.F.);
#2438=ADVANCED_FACE('',(#2286),#60,.F.);
#2439=ADVANCED_FACE('',(#2287),#61,.F.);
#2440=ADVANCED_FACE('',(#2288),#62,.F.);
#2441=ADVANCED_FACE('',(#2289),#63,.F.);
#2442=ADVANCED_FACE('',(#2290),#2372,.T.);
#2443=ADVANCED_FACE('',(#2291),#64,.F.);
#2444=ADVANCED_FACE('',(#2292),#65,.F.);
#2445=ADVANCED_FACE('',(#2293),#66,.F.);
#2446=ADVANCED_FACE('',(#2294),#67,.F.);
#2447=ADVANCED_FACE('',(#2295),#68,.F.);
#2448=ADVANCED_FACE('',(#2296),#69,.F.);
#2449=ADVANCED_FACE('',(#2297),#70,.F.);
#2450=ADVANCED_FACE('',(#2298),#71,.F.);
#2451=ADVANCED_FACE('',(#2299),#2373,.T.);
#2452=ADVANCED_FACE('',(#2300),#72,.F.);
#2453=ADVANCED_FACE('',(#2301),#73,.F.);
#2454=ADVANCED_FACE('',(#2302),#74,.F.);
#2455=ADVANCED_FACE('',(#2303),#75,.F.);
#2456=ADVANCED_FACE('',(#2304),#76,.F.);
#2457=ADVANCED_FACE('',(#2305),#77,.F.);
#2458=ADVANCED_FACE('',(#2306),#78,.F.);
#2459=ADVANCED_FACE('',(#2307),#79,.F.);
#2460=ADVANCED_FACE('',(#2308),#2374,.T.);
#2461=ADVANCED_FACE('',(#2309),#80,.F.);
#2462=ADVANCED_FACE('',(#2310),#81,.F.);
#2463=ADVANCED_FACE('',(#2311),#82,.F.);
#2464=ADVANCED_FACE('',(#2312),#83,.F.);
#2465=ADVANCED_FACE('',(#2313),#84,.F.);
#2466=ADVANCED_FACE('',(#2314),#85,.F.);
#2467=ADVANCED_FACE('',(#2315),#86,.F.);
#2468=ADVANCED_FACE('',(#2316),#87,.F.);
#2469=ADVANCED_FACE('',(#2317),#2375,.T.);
#2470=ADVANCED_FACE('',(#2318),#88,.F.);
#2471=ADVANCED_FACE('',(#2319),#89,.F.);
#2472=ADVANCED_FACE('',(#2320),#90,.F.);
#2473=ADVANCED_FACE('',(#2321),#91,.F.);
#2474=ADVANCED_FACE('',(#2322),#92,.F.);
#2475=ADVANCED_FACE('',(#2323),#93,.F.);
#2476=ADVANCED_FACE('',(#2324),#94,.F.);
#2477=ADVANCED_FACE('',(#2325),#95,.F.);
#2478=ADVANCED_FACE('',(#2326),#2376,.T.);
#2479=ADVANCED_FACE('',(#2327),#96,.F.);
#2480=ADVANCED_FACE('',(#2328),#97,.F.);
#2481=ADVANCED_FACE('',(#2329),#98,.F.);
#2482=ADVANCED_FACE('',(#2330),#99,.F.);
#2483=ADVANCED_FACE('',(#2331),#100,.F.);
#2484=ADVANCED_FACE('',(#2332),#101,.F.);
#2485=ADVANCED_FACE('',(#2333),#102,.F.);
#2486=ADVANCED_FACE('',(#2334),#103,.F.);
#2487=ADVANCED_FACE('',(#2335),#2377,.T.);
#2488=ADVANCED_FACE('',(#2336),#104,.F.);
#2489=ADVANCED_FACE('',(#2337),#105,.F.);
#2490=ADVANCED_FACE('',(#2338),#106,.F.);
#2491=ADVANCED_FACE('',(#2339),#107,.F.);
#2492=ADVANCED_FACE('',(#2340),#108,.F.);
#2493=ADVANCED_FACE('',(#2341),#109,.F.);
#2494=ADVANCED_FACE('',(#2342),#110,.F.);
#2495=ADVANCED_FACE('',(#2343),#111,.F.);
#2496=ADVANCED_FACE('',(#2344),#2378,.T.);
#2497=ADVANCED_FACE('',(#2345,#2346),#2379,.F.);
#2498=ADVANCED_FACE('',(#2347,#2348,#2349,#2350),#112,.T.);
#2499=ADVANCED_FACE('',(#2351,#2352),#12,.T.);
#2500=ADVANCED_FACE('',(#2353,#2354),#13,.F.);
#2501=ADVANCED_FACE('',(#2355),#2380,.F.);
#2502=ADVANCED_FACE('',(#2356),#2381,.F.);
#2503=ADVANCED_FACE('',(#2357),#113,.T.);
#2504=ADVANCED_FACE('',(#2358),#2382,.F.);
#2505=ADVANCED_FACE('',(#2359),#2383,.F.);
#2506=ADVANCED_FACE('',(#2360,#2361),#2384,.F.);
#2507=ADVANCED_FACE('',(#2362,#2363),#2385,.F.);
#2508=ADVANCED_FACE('',(#2364),#114,.T.);
#2509=ADVANCED_FACE('',(#2365),#115,.T.);
#2510=CLOSED_SHELL('',(#2386,#2387,#2388,#2389,#2390,#2391,#2392,#2393,#2394,#2395,#2396,#2397,#2398,#2399,#2400,#2401,#2402,#2403,#2404,#2405,#2406,#2407,#2408,#2409,#2410,#2411,#2412,#2413,#2414,#2415,#2416,#2417,#2418,#2419,#2420,#2421,#2422,#2423,#2424,#2425,#2426,#2427,#2428,#2429,#2430,#2431,#2432,#2433,#2434,#2435,#2436,#2437,#2438,#2439,#2440,#2441,#2442,#2443,#2444,#2445,#2446,#2447,#2448,#2449,#2450,#2451,#2452,#2453,#2454,#2455,#2456,#2457,#2458,#2459,#2460,#2461,#2462,#2463,#2464,#2465,#2466,#2467,#2468,#2469,#2470,#2471,#2472,#2473,#2474,#2475,#2476,#2477,#2478,#2479,#2480,#2481,#2482,#2483,#2484,#2485,#2486,#2487,#2488,#2489,#2490,#2491,#2492,#2493,#2494,#2495,#2496,#2497,#2498,#2499,#2500,#2501,#2502,#2503,#2504,#2505,#2506,#2507,#2508,#2509));
#2511=STYLED_ITEM('',(#2512),#2519);
#2512=PRESENTATION_STYLE_ASSIGNMENT((#2513));
#2513=SURFACE_STYLE_USAGE(.BOTH.,#2514);
#2514=SURFACE_SIDE_STYLE('',(#2515));
#2515=SURFACE_STYLE_FILL_AREA(#2516);
#2516=FILL_AREA_STYLE('',(#2517));
#2517=FILL_AREA_STYLE_COLOUR('',#2518);
#2518=COLOUR_RGB('',0.972549019607843,0.529411764705882,0.00392156862745098);
#2519=MANIFOLD_SOLID_BREP('Wheel',#2510);
#2520=SHAPE_DEFINITION_REPRESENTATION(#4071,#2521);
#2521=SHAPE_REPRESENTATION('Wheel',(#2522),#4066);
#2522=AXIS2_PLACEMENT_3D('',#3325,#2685,#2686);
#2523=AXIS2_PLACEMENT_3D('',#3326,#2687,#2688);
#2524=AXIS2_PLACEMENT_3D('',#3327,#2689,#2690);
#2525=AXIS2_PLACEMENT_3D('',#3340,#2693,#2694);
#2526=AXIS2_PLACEMENT_3D('',#3346,#2697,#2698);
#2527=AXIS2_PLACEMENT_3D('',#3364,#2707,#2708);
#2528=AXIS2_PLACEMENT_3D('',#3382,#2717,#2718);
#2529=AXIS2_PLACEMENT_3D('',#3400,#2727,#2728);
#2530=AXIS2_PLACEMENT_3D('',#3418,#2737,#2738);
#2531=AXIS2_PLACEMENT_3D('',#3436,#2747,#2748);
#2532=AXIS2_PLACEMENT_3D('',#3454,#2757,#2758);
#2533=AXIS2_PLACEMENT_3D('',#3472,#2767,#2768);
#2534=AXIS2_PLACEMENT_3D('',#3490,#2777,#2778);
#2535=AXIS2_PLACEMENT_3D('',#3508,#2787,#2788);
#2536=AXIS2_PLACEMENT_3D('',#3526,#2797,#2798);
#2537=AXIS2_PLACEMENT_3D('',#3544,#2807,#2808);
#2538=AXIS2_PLACEMENT_3D('',#3557,#2815,#2816);
#2539=AXIS2_PLACEMENT_3D('',#3559,#2817,#2818);
#2540=AXIS2_PLACEMENT_3D('',#3564,#2820,#2821);
#2541=AXIS2_PLACEMENT_3D('',#3565,#2822,#2823);
#2542=AXIS2_PLACEMENT_3D('',#3571,#2827,#2828);
#2543=AXIS2_PLACEMENT_3D('',#3577,#2832,#2833);
#2544=AXIS2_PLACEMENT_3D('',#3581,#2836,#2837);
#2545=AXIS2_PLACEMENT_3D('',#3585,#2840,#2841);
#2546=AXIS2_PLACEMENT_3D('',#3589,#2844,#2845);
#2547=AXIS2_PLACEMENT_3D('',#3593,#2848,#2849);
#2548=AXIS2_PLACEMENT_3D('',#3597,#2852,#2853);
#2549=AXIS2_PLACEMENT_3D('',#3599,#2855,#2856);
#2550=AXIS2_PLACEMENT_3D('',#3600,#2857,#2858);
#2551=AXIS2_PLACEMENT_3D('',#3618,#2867,#2868);
#2552=AXIS2_PLACEMENT_3D('',#3636,#2877,#2878);
#2553=AXIS2_PLACEMENT_3D('',#3654,#2887,#2888);
#2554=AXIS2_PLACEMENT_3D('',#3672,#2897,#2898);
#2555=AXIS2_PLACEMENT_3D('',#3690,#2907,#2908);
#2556=AXIS2_PLACEMENT_3D('',#3708,#2917,#2918);
#2557=AXIS2_PLACEMENT_3D('',#3726,#2927,#2928);
#2558=AXIS2_PLACEMENT_3D('',#3744,#2937,#2938);
#2559=AXIS2_PLACEMENT_3D('',#3762,#2947,#2948);
#2560=AXIS2_PLACEMENT_3D('',#3780,#2957,#2958);
#2561=AXIS2_PLACEMENT_3D('',#3798,#2967,#2968);
#2562=AXIS2_PLACEMENT_3D('',#3799,#2969,#2970);
#2563=AXIS2_PLACEMENT_3D('',#3801,#2971,#2972);
#2564=AXIS2_PLACEMENT_3D('',#3803,#2974,#2975);
#2565=AXIS2_PLACEMENT_3D('',#3806,#2978,#2979);
#2566=AXIS2_PLACEMENT_3D('',#3809,#2982,#2983);
#2567=AXIS2_PLACEMENT_3D('',#3811,#2985,#2986);
#2568=AXIS2_PLACEMENT_3D('',#3813,#2988,#2989);
#2569=AXIS2_PLACEMENT_3D('',#3815,#2991,#2992);
#2570=AXIS2_PLACEMENT_3D('',#3817,#2994,#2995);
#2571=AXIS2_PLACEMENT_3D('',#3819,#2997,#2998);
#2572=AXIS2_PLACEMENT_3D('',#3820,#2999,#3000);
#2573=AXIS2_PLACEMENT_3D('',#3821,#3001,#3002);
#2574=AXIS2_PLACEMENT_3D('',#3824,#3005,#3006);
#2575=AXIS2_PLACEMENT_3D('',#3826,#3008,#3009);
#2576=AXIS2_PLACEMENT_3D('',#3828,#3011,#3012);
#2577=AXIS2_PLACEMENT_3D('',#3830,#3014,#3015);
#2578=AXIS2_PLACEMENT_3D('',#3833,#3018,#3019);
#2579=AXIS2_PLACEMENT_3D('',#3835,#3021,#3022);
#2580=AXIS2_PLACEMENT_3D('',#3837,#3024,#3025);
#2581=AXIS2_PLACEMENT_3D('',#3838,#3026,#3027);
#2582=AXIS2_PLACEMENT_3D('',#3839,#3028,#3029);
#2583=AXIS2_PLACEMENT_3D('',#3842,#3032,#3033);
#2584=AXIS2_PLACEMENT_3D('',#3845,#3036,#3037);
#2585=AXIS2_PLACEMENT_3D('',#3847,#3039,#3040);
#2586=AXIS2_PLACEMENT_3D('',#3849,#3042,#3043);
#2587=AXIS2_PLACEMENT_3D('',#3851,#3045,#3046);
#2588=AXIS2_PLACEMENT_3D('',#3853,#3048,#3049);
#2589=AXIS2_PLACEMENT_3D('',#3855,#3051,#3052);
#2590=AXIS2_PLACEMENT_3D('',#3856,#3053,#3054);
#2591=AXIS2_PLACEMENT_3D('',#3857,#3055,#3056);
#2592=AXIS2_PLACEMENT_3D('',#3860,#3059,#3060);
#2593=AXIS2_PLACEMENT_3D('',#3863,#3063,#3064);
#2594=AXIS2_PLACEMENT_3D('',#3865,#3066,#3067);
#2595=AXIS2_PLACEMENT_3D('',#3867,#3069,#3070);
#2596=AXIS2_PLACEMENT_3D('',#3869,#3072,#3073);
#2597=AXIS2_PLACEMENT_3D('',#3871,#3075,#3076);
#2598=AXIS2_PLACEMENT_3D('',#3873,#3078,#3079);
#2599=AXIS2_PLACEMENT_3D('',#3874,#3080,#3081);
#2600=AXIS2_PLACEMENT_3D('',#3875,#3082,#3083);
#2601=AXIS2_PLACEMENT_3D('',#3878,#3086,#3087);
#2602=AXIS2_PLACEMENT_3D('',#3881,#3090,#3091);
#2603=AXIS2_PLACEMENT_3D('',#3883,#3093,#3094);
#2604=AXIS2_PLACEMENT_3D('',#3885,#3096,#3097);
#2605=AXIS2_PLACEMENT_3D('',#3887,#3099,#3100);
#2606=AXIS2_PLACEMENT_3D('',#3889,#3102,#3103);
#2607=AXIS2_PLACEMENT_3D('',#3891,#3105,#3106);
#2608=AXIS2_PLACEMENT_3D('',#3892,#3107,#3108);
#2609=AXIS2_PLACEMENT_3D('',#3893,#3109,#3110);
#2610=AXIS2_PLACEMENT_3D('',#3896,#3113,#3114);
#2611=AXIS2_PLACEMENT_3D('',#3899,#3117,#3118);
#2612=AXIS2_PLACEMENT_3D('',#3901,#3120,#3121);
#2613=AXIS2_PLACEMENT_3D('',#3903,#3123,#3124);
#2614=AXIS2_PLACEMENT_3D('',#3905,#3126,#3127);
#2615=AXIS2_PLACEMENT_3D('',#3907,#3129,#3130);
#2616=AXIS2_PLACEMENT_3D('',#3909,#3132,#3133);
#2617=AXIS2_PLACEMENT_3D('',#3910,#3134,#3135);
#2618=AXIS2_PLACEMENT_3D('',#3911,#3136,#3137);
#2619=AXIS2_PLACEMENT_3D('',#3914,#3140,#3141);
#2620=AXIS2_PLACEMENT_3D('',#3917,#3144,#3145);
#2621=AXIS2_PLACEMENT_3D('',#3919,#3147,#3148);
#2622=AXIS2_PLACEMENT_3D('',#3921,#3150,#3151);
#2623=AXIS2_PLACEMENT_3D('',#3923,#3153,#3154);
#2624=AXIS2_PLACEMENT_3D('',#3925,#3156,#3157);
#2625=AXIS2_PLACEMENT_3D('',#3927,#3159,#3160);
#2626=AXIS2_PLACEMENT_3D('',#3928,#3161,#3162);
#2627=AXIS2_PLACEMENT_3D('',#3929,#3163,#3164);
#2628=AXIS2_PLACEMENT_3D('',#3932,#3167,#3168);
#2629=AXIS2_PLACEMENT_3D('',#3935,#3171,#3172);
#2630=AXIS2_PLACEMENT_3D('',#3937,#3174,#3175);
#2631=AXIS2_PLACEMENT_3D('',#3939,#3177,#3178);
#2632=AXIS2_PLACEMENT_3D('',#3941,#3180,#3181);
#2633=AXIS2_PLACEMENT_3D('',#3943,#3183,#3184);
#2634=AXIS2_PLACEMENT_3D('',#3945,#3186,#3187);
#2635=AXIS2_PLACEMENT_3D('',#3946,#3188,#3189);
#2636=AXIS2_PLACEMENT_3D('',#3947,#3190,#3191);
#2637=AXIS2_PLACEMENT_3D('',#3950,#3194,#3195);
#2638=AXIS2_PLACEMENT_3D('',#3953,#3198,#3199);
#2639=AXIS2_PLACEMENT_3D('',#3955,#3201,#3202);
#2640=AXIS2_PLACEMENT_3D('',#3957,#3204,#3205);
#2641=AXIS2_PLACEMENT_3D('',#3959,#3207,#3208);
#2642=AXIS2_PLACEMENT_3D('',#3961,#3210,#3211);
#2643=AXIS2_PLACEMENT_3D('',#3963,#3213,#3214);
#2644=AXIS2_PLACEMENT_3D('',#3964,#3215,#3216);
#2645=AXIS2_PLACEMENT_3D('',#3965,#3217,#3218);
#2646=AXIS2_PLACEMENT_3D('',#3968,#3221,#3222);
#2647=AXIS2_PLACEMENT_3D('',#3970,#3224,#3225);
#2648=AXIS2_PLACEMENT_3D('',#3974,#3229,#3230);
#2649=AXIS2_PLACEMENT_3D('',#3976,#3232,#3233);
#2650=AXIS2_PLACEMENT_3D('',#3987,#3240,#3241);
#2651=AXIS2_PLACEMENT_3D('',#3989,#3243,#3244);
#2652=AXIS2_PLACEMENT_3D('',#3991,#3246,#3247);
#2653=AXIS2_PLACEMENT_3D('',#3992,#3248,#3249);
#2654=AXIS2_PLACEMENT_3D('',#3993,#3250,#3251);
#2655=AXIS2_PLACEMENT_3D('',#3996,#3254,#3255);
#2656=AXIS2_PLACEMENT_3D('',#3998,#3257,#3258);
#2657=AXIS2_PLACEMENT_3D('',#4000,#3260,#3261);
#2658=AXIS2_PLACEMENT_3D('',#4002,#3263,#3264);
#2659=AXIS2_PLACEMENT_3D('',#4004,#3266,#3267);
#2660=AXIS2_PLACEMENT_3D('',#4006,#3269,#3270);
#2661=AXIS2_PLACEMENT_3D('',#4008,#3272,#3273);
#2662=AXIS2_PLACEMENT_3D('',#4009,#3274,#3275);
#2663=AXIS2_PLACEMENT_3D('',#4017,#3276,#3277);
#2664=AXIS2_PLACEMENT_3D('',#4018,#3278,#3279);
#2665=AXIS2_PLACEMENT_3D('',#4020,#3280,#3281);
#2666=AXIS2_PLACEMENT_3D('',#4022,#3282,#3283);
#2667=AXIS2_PLACEMENT_3D('',#4023,#3284,#3285);
#2668=AXIS2_PLACEMENT_3D('',#4025,#3286,#3287);
#2669=AXIS2_PLACEMENT_3D('',#4027,#3288,#3289);
#2670=AXIS2_PLACEMENT_3D('',#4031,#3291,#3292);
#2671=AXIS2_PLACEMENT_3D('',#4033,#3293,#3294);
#2672=AXIS2_PLACEMENT_3D('',#4034,#3295,#3296);
#2673=AXIS2_PLACEMENT_3D('',#4035,#3297,#3298);
#2674=AXIS2_PLACEMENT_3D('',#4036,#3299,#3300);
#2675=AXIS2_PLACEMENT_3D('',#4037,#3301,#3302);
#2676=AXIS2_PLACEMENT_3D('',#4056,#3307,#3308);
#2677=AXIS2_PLACEMENT_3D('',#4057,#3309,#3310);
#2678=AXIS2_PLACEMENT_3D('',#4058,#3311,#3312);
#2679=AXIS2_PLACEMENT_3D('',#4059,#3313,#3314);
#2680=AXIS2_PLACEMENT_3D('',#4060,#3315,#3316);
#2681=AXIS2_PLACEMENT_3D('',#4061,#3317,#3318);
#2682=AXIS2_PLACEMENT_3D('',#4062,#3319,#3320);
#2683=AXIS2_PLACEMENT_3D('',#4063,#3321,#3322);
#2684=AXIS2_PLACEMENT_3D('',#4064,#3323,#3324);
#2685=DIRECTION('',(0.,0.,1.));
#2686=DIRECTION('',(1.,0.,0.));
#2687=DIRECTION('',(0.,0.,-1.));
#2688=DIRECTION('',(-1.,0.,0.));
#2689=DIRECTION('',(0.,0.,1.));
#2690=DIRECTION('',(1.,0.,0.));
#2691=DIRECTION('',(0.,0.,-1.));
#2692=DIRECTION('',(0.,0.,-1.));
#2693=DIRECTION('',(1.,0.,0.));
#2694=DIRECTION('',(0.,1.,0.));
#2695=DIRECTION('',(0.,-0.25881904510252,0.965925826289069));
#2696=DIRECTION('',(0.,-0.866025403784439,0.5));
#2697=DIRECTION('',(1.,0.,0.));
#2698=DIRECTION('',(0.,0.,-1.));
#2699=DIRECTION('',(0.,0.5,-0.866025403784439));
#2700=DIRECTION('',(0.,0.965925826289069,-0.25881904510252));
#2701=DIRECTION('',(0.,-0.258819045102522,-0.965925826289068));
#2702=DIRECTION('',(0.,-0.965925826289068,0.258819045102522));
#2703=DIRECTION('',(0.,-0.258819045102522,-0.965925826289068));
#2704=DIRECTION('',(0.,-0.965925826289068,0.258819045102521));
#2705=DIRECTION('',(0.,0.258819045102522,0.965925826289068));
#2706=DIRECTION('',(0.,-0.5,0.866025403784439));
#2707=DIRECTION('',(1.,0.,0.));
#2708=DIRECTION('',(0.,0.,-1.));
#2709=DIRECTION('',(0.,0.,-1.));
#2710=DIRECTION('',(0.,0.707106781186547,-0.707106781186549));
#2711=DIRECTION('',(0.,-0.707106781186549,-0.707106781186547));
#2712=DIRECTION('',(0.,-0.707106781186547,0.707106781186549));
#2713=DIRECTION('',(0.,-0.707106781186549,-0.707106781186547));
#2714=DIRECTION('',(0.,-0.707106781186547,0.707106781186549));
#2715=DIRECTION('',(0.,0.707106781186549,0.707106781186547));
#2716=DIRECTION('',(0.,0.,1.));
#2717=DIRECTION('',(1.,0.,0.));
#2718=DIRECTION('',(0.,0.,-1.));
#2719=DIRECTION('',(0.,-0.5,-0.866025403784439));
#2720=DIRECTION('',(0.,0.25881904510252,-0.965925826289069));
#2721=DIRECTION('',(0.,-0.965925826289068,-0.258819045102521));
#2722=DIRECTION('',(0.,-0.25881904510252,0.965925826289069));
#2723=DIRECTION('',(0.,-0.965925826289069,-0.25881904510252));
#2724=DIRECTION('',(0.,-0.25881904510252,0.965925826289069));
#2725=DIRECTION('',(0.,0.965925826289069,0.25881904510252));
#2726=DIRECTION('',(0.,0.5,0.866025403784439));
#2727=DIRECTION('',(1.,0.,0.));
#2728=DIRECTION('',(0.,0.,-1.));
#2729=DIRECTION('',(0.,-0.866025403784439,-0.5));
#2730=DIRECTION('',(0.,-0.258819045102523,-0.965925826289068));
#2731=DIRECTION('',(0.,-0.965925826289068,0.258819045102523));
#2732=DIRECTION('',(0.,0.258819045102522,0.965925826289068));
#2733=DIRECTION('',(0.,-0.965925826289068,0.258819045102522));
#2734=DIRECTION('',(0.,0.258819045102523,0.965925826289068));
#2735=DIRECTION('',(0.,0.965925826289068,-0.258819045102523));
#2736=DIRECTION('',(0.,0.866025403784439,0.5));
#2737=DIRECTION('',(1.,0.,0.));
#2738=DIRECTION('',(0.,0.,-1.));
#2739=DIRECTION('',(0.,-1.,1.70740499604016E-16));
#2740=DIRECTION('',(0.,-0.707106781186549,-0.707106781186547));
#2741=DIRECTION('',(0.,-0.707106781186547,0.707106781186549));
#2742=DIRECTION('',(0.,0.707106781186549,0.707106781186546));
#2743=DIRECTION('',(0.,-0.707106781186547,0.707106781186549));
#2744=DIRECTION('',(0.,0.707106781186549,0.707106781186547));
#2745=DIRECTION('',(0.,0.707106781186547,-0.707106781186549));
#2746=DIRECTION('',(0.,1.,-1.70740499604017E-16));
#2747=DIRECTION('',(1.,0.,0.));
#2748=DIRECTION('',(0.,0.,-1.));
#2749=DIRECTION('',(0.,-0.866025403784438,0.5));
#2750=DIRECTION('',(0.,-0.965925826289069,-0.258819045102518));
#2751=DIRECTION('',(0.,-0.258819045102518,0.965925826289069));
#2752=DIRECTION('',(0.,0.965925826289069,0.25881904510252));
#2753=DIRECTION('',(0.,-0.25881904510252,0.965925826289069));
#2754=DIRECTION('',(0.,0.965925826289069,0.258819045102519));
#2755=DIRECTION('',(0.,0.25881904510252,-0.965925826289069));
#2756=DIRECTION('',(0.,0.866025403784439,-0.5));
#2757=DIRECTION('',(1.,0.,0.));
#2758=DIRECTION('',(0.,0.,-1.));
#2759=DIRECTION('',(0.,-0.5,0.866025403784439));
#2760=DIRECTION('',(0.,-0.965925826289068,0.258819045102523));
#2761=DIRECTION('',(0.,0.258819045102523,0.965925826289068));
#2762=DIRECTION('',(0.,0.965925826289067,-0.258819045102525));
#2763=DIRECTION('',(0.,0.258819045102523,0.965925826289068));
#2764=DIRECTION('',(0.,0.965925826289068,-0.258819045102523));
#2765=DIRECTION('',(0.,-0.258819045102523,-0.965925826289068));
#2766=DIRECTION('',(0.,0.5,-0.866025403784439));
#2767=DIRECTION('',(1.,0.,0.));
#2768=DIRECTION('',(0.,0.,-1.));
#2769=DIRECTION('',(0.,0.,1.));
#2770=DIRECTION('',(0.,-0.707106781186547,0.707106781186549));
#2771=DIRECTION('',(0.,0.707106781186549,0.707106781186547));
#2772=DIRECTION('',(0.,0.707106781186547,-0.707106781186549));
#2773=DIRECTION('',(0.,0.707106781186549,0.707106781186547));
#2774=DIRECTION('',(0.,0.707106781186547,-0.707106781186549));
#2775=DIRECTION('',(0.,-0.707106781186549,-0.707106781186547));
#2776=DIRECTION('',(0.,0.,-1.));
#2777=DIRECTION('',(1.,0.,0.));
#2778=DIRECTION('',(0.,0.,-1.));
#2779=DIRECTION('',(0.,0.5,0.866025403784438));
#2780=DIRECTION('',(0.,-0.258819045102519,0.965925826289069));
#2781=DIRECTION('',(0.,0.965925826289069,0.25881904510252));
#2782=DIRECTION('',(0.,0.25881904510252,-0.965925826289069));
#2783=DIRECTION('',(0.,0.965925826289069,0.25881904510252));
#2784=DIRECTION('',(0.,0.25881904510252,-0.965925826289069));
#2785=DIRECTION('',(0.,-0.965925826289069,-0.258819045102517));
#2786=DIRECTION('',(0.,-0.5,-0.866025403784439));
#2787=DIRECTION('',(1.,0.,0.));
#2788=DIRECTION('',(0.,0.,-1.));
#2789=DIRECTION('',(0.,0.866025403784439,0.5));
#2790=DIRECTION('',(0.,0.258819045102523,0.965925826289068));
#2791=DIRECTION('',(0.,0.965925826289068,-0.258819045102523));
#2792=DIRECTION('',(0.,-0.258819045102522,-0.965925826289068));
#2793=DIRECTION('',(0.,0.965925826289068,-0.258819045102523));
#2794=DIRECTION('',(0.,-0.258819045102523,-0.965925826289068));
#2795=DIRECTION('',(0.,-0.965925826289068,0.258819045102523));
#2796=DIRECTION('',(0.,-0.866025403784439,-0.5));
#2797=DIRECTION('',(1.,0.,0.));
#2798=DIRECTION('',(0.,0.,-1.));
#2799=DIRECTION('',(0.,1.,-1.70740499604016E-16));
#2800=DIRECTION('',(0.,0.707106781186548,0.707106781186547));
#2801=DIRECTION('',(0.,0.707106781186546,-0.70710678118655));
#2802=DIRECTION('',(0.,-0.707106781186549,-0.707106781186547));
#2803=DIRECTION('',(0.,0.707106781186547,-0.707106781186549));
#2804=DIRECTION('',(0.,-0.707106781186549,-0.707106781186547));
#2805=DIRECTION('',(0.,-0.707106781186547,0.707106781186549));
#2806=DIRECTION('',(0.,-1.,1.70740499604017E-16));
#2807=DIRECTION('',(1.,0.,0.));
#2808=DIRECTION('',(0.,0.,-1.));
#2809=DIRECTION('',(0.,0.866025403784439,-0.5));
#2810=DIRECTION('',(0.,0.965925826289069,0.258819045102519));
#2811=DIRECTION('',(0.,0.25881904510252,-0.965925826289069));
#2812=DIRECTION('',(0.,-0.965925826289069,-0.25881904510252));
#2813=DIRECTION('',(0.,0.25881904510252,-0.965925826289069));
#2814=DIRECTION('',(0.,-0.965925826289069,-0.25881904510252));
#2815=DIRECTION('',(1.,0.,0.));
#2816=DIRECTION('',(0.,0.,-1.));
#2817=DIRECTION('',(1.,0.,0.));
#2818=DIRECTION('',(0.,0.,-1.));
#2819=DIRECTION('',(0.,1.,-4.14709146438612E-16));
#2820=DIRECTION('',(-1.,0.,0.));
#2821=DIRECTION('',(0.,0.,1.));
#2822=DIRECTION('',(0.,-0.5,-0.866025403784439));
#2823=DIRECTION('',(0.,0.866025403784439,-0.5));
#2824=DIRECTION('',(0.,0.866025403784439,-0.5));
#2825=DIRECTION('',(-1.,0.,0.));
#2826=DIRECTION('',(1.,0.,0.));
#2827=DIRECTION('',(0.,0.5,0.866025403784439));
#2828=DIRECTION('',(0.,-0.866025403784439,0.5));
#2829=DIRECTION('',(1.,0.,0.));
#2830=DIRECTION('',(-1.,0.,0.));
#2831=DIRECTION('',(0.,-0.866025403784439,0.5));
#2832=DIRECTION('',(0.,-0.258819045102519,0.965925826289069));
#2833=DIRECTION('',(0.,-0.965925826289069,-0.258819045102519));
#2834=DIRECTION('',(1.,0.,0.));
#2835=DIRECTION('',(0.,-0.965925826289069,-0.258819045102519));
#2836=DIRECTION('',(0.,-0.965925826289069,-0.25881904510252));
#2837=DIRECTION('',(0.,0.25881904510252,-0.965925826289069));
#2838=DIRECTION('',(1.,0.,0.));
#2839=DIRECTION('',(0.,0.25881904510252,-0.965925826289069));
#2840=DIRECTION('',(0.,0.965925826289069,0.25881904510252));
#2841=DIRECTION('',(0.,-0.25881904510252,0.965925826289069));
#2842=DIRECTION('',(1.,0.,0.));
#2843=DIRECTION('',(0.,-0.25881904510252,0.965925826289069));
#2844=DIRECTION('',(0.,0.25881904510252,-0.965925826289069));
#2845=DIRECTION('',(0.,0.965925826289069,0.25881904510252));
#2846=DIRECTION('',(1.,0.,0.));
#2847=DIRECTION('',(0.,0.965925826289069,0.25881904510252));
#2848=DIRECTION('',(0.,0.965925826289069,0.25881904510252));
#2849=DIRECTION('',(0.,-0.25881904510252,0.965925826289069));
#2850=DIRECTION('',(1.,0.,0.));
#2851=DIRECTION('',(0.,-0.25881904510252,0.965925826289069));
#2852=DIRECTION('',(0.,0.25881904510252,-0.965925826289069));
#2853=DIRECTION('',(0.,0.965925826289069,0.25881904510252));
#2854=DIRECTION('',(0.,0.965925826289069,0.25881904510252));
#2855=DIRECTION('',(-1.,0.,0.));
#2856=DIRECTION('',(0.,0.,1.));
#2857=DIRECTION('',(-1.,0.,0.));
#2858=DIRECTION('',(0.,0.,1.));
#2859=DIRECTION('',(0.,1.,-1.70740499604017E-16));
#2860=DIRECTION('',(0.,0.707106781186547,-0.707106781186549));
#2861=DIRECTION('',(0.,0.707106781186549,0.707106781186547));
#2862=DIRECTION('',(0.,-0.707106781186547,0.707106781186549));
#2863=DIRECTION('',(0.,0.707106781186549,0.707106781186547));
#2864=DIRECTION('',(0.,-0.707106781186546,0.70710678118655));
#2865=DIRECTION('',(0.,-0.707106781186548,-0.707106781186547));
#2866=DIRECTION('',(0.,-1.,1.70740499604016E-16));
#2867=DIRECTION('',(-1.,0.,0.));
#2868=DIRECTION('',(0.,0.,1.));
#2869=DIRECTION('',(0.,0.866025403784439,0.5));
#2870=DIRECTION('',(0.,0.965925826289068,-0.258819045102523));
#2871=DIRECTION('',(0.,0.258819045102523,0.965925826289068));
#2872=DIRECTION('',(0.,-0.965925826289068,0.258819045102523));
#2873=DIRECTION('',(0.,0.258819045102522,0.965925826289068));
#2874=DIRECTION('',(0.,-0.965925826289068,0.258819045102523));
#2875=DIRECTION('',(0.,-0.258819045102523,-0.965925826289068));
#2876=DIRECTION('',(0.,-0.866025403784439,-0.5));
#2877=DIRECTION('',(-1.,0.,0.));
#2878=DIRECTION('',(0.,0.,1.));
#2879=DIRECTION('',(0.,0.5,0.866025403784439));
#2880=DIRECTION('',(0.,0.965925826289069,0.258819045102517));
#2881=DIRECTION('',(0.,-0.25881904510252,0.965925826289069));
#2882=DIRECTION('',(0.,-0.965925826289069,-0.25881904510252));
#2883=DIRECTION('',(0.,-0.25881904510252,0.965925826289069));
#2884=DIRECTION('',(0.,-0.965925826289069,-0.25881904510252));
#2885=DIRECTION('',(0.,0.258819045102519,-0.965925826289069));
#2886=DIRECTION('',(0.,-0.5,-0.866025403784438));
#2887=DIRECTION('',(-1.,0.,0.));
#2888=DIRECTION('',(0.,0.,1.));
#2889=DIRECTION('',(0.,0.,1.));
#2890=DIRECTION('',(0.,0.707106781186549,0.707106781186547));
#2891=DIRECTION('',(0.,-0.707106781186547,0.707106781186549));
#2892=DIRECTION('',(0.,-0.707106781186549,-0.707106781186547));
#2893=DIRECTION('',(0.,-0.707106781186547,0.707106781186549));
#2894=DIRECTION('',(0.,-0.707106781186549,-0.707106781186547));
#2895=DIRECTION('',(0.,0.707106781186547,-0.707106781186549));
#2896=DIRECTION('',(0.,0.,-1.));
#2897=DIRECTION('',(-1.,0.,0.));
#2898=DIRECTION('',(0.,0.,1.));
#2899=DIRECTION('',(0.,-0.5,0.866025403784439));
#2900=DIRECTION('',(0.,0.258819045102523,0.965925826289068));
#2901=DIRECTION('',(0.,-0.965925826289068,0.258819045102523));
#2902=DIRECTION('',(0.,-0.258819045102523,-0.965925826289068));
#2903=DIRECTION('',(0.,-0.965925826289067,0.258819045102525));
#2904=DIRECTION('',(0.,-0.258819045102523,-0.965925826289068));
#2905=DIRECTION('',(0.,0.965925826289068,-0.258819045102523));
#2906=DIRECTION('',(0.,0.5,-0.866025403784439));
#2907=DIRECTION('',(-1.,0.,0.));
#2908=DIRECTION('',(0.,0.,1.));
#2909=DIRECTION('',(0.,-0.866025403784439,0.5));
#2910=DIRECTION('',(0.,-0.25881904510252,0.965925826289069));
#2911=DIRECTION('',(0.,-0.965925826289069,-0.258819045102519));
#2912=DIRECTION('',(0.,0.25881904510252,-0.965925826289069));
#2913=DIRECTION('',(0.,-0.965925826289069,-0.25881904510252));
#2914=DIRECTION('',(0.,0.258819045102518,-0.965925826289069));
#2915=DIRECTION('',(0.,0.965925826289069,0.258819045102518));
#2916=DIRECTION('',(0.,0.866025403784438,-0.5));
#2917=DIRECTION('',(-1.,0.,0.));
#2918=DIRECTION('',(0.,0.,1.));
#2919=DIRECTION('',(0.,-1.,1.70740499604017E-16));
#2920=DIRECTION('',(0.,-0.707106781186547,0.707106781186549));
#2921=DIRECTION('',(0.,-0.707106781186549,-0.707106781186547));
#2922=DIRECTION('',(0.,0.707106781186547,-0.707106781186549));
#2923=DIRECTION('',(0.,-0.707106781186549,-0.707106781186546));
#2924=DIRECTION('',(0.,0.707106781186547,-0.707106781186549));
#2925=DIRECTION('',(0.,0.707106781186549,0.707106781186547));
#2926=DIRECTION('',(0.,1.,-1.70740499604016E-16));
#2927=DIRECTION('',(-1.,0.,0.));
#2928=DIRECTION('',(0.,0.,1.));
#2929=DIRECTION('',(0.,-0.866025403784439,-0.5));
#2930=DIRECTION('',(0.,-0.965925826289068,0.258819045102523));
#2931=DIRECTION('',(0.,-0.258819045102523,-0.965925826289068));
#2932=DIRECTION('',(0.,0.965925826289068,-0.258819045102522));
#2933=DIRECTION('',(0.,-0.258819045102522,-0.965925826289068));
#2934=DIRECTION('',(0.,0.965925826289068,-0.258819045102523));
#2935=DIRECTION('',(0.,0.258819045102523,0.965925826289068));
#2936=DIRECTION('',(0.,0.866025403784439,0.5));
#2937=DIRECTION('',(-1.,0.,0.));
#2938=DIRECTION('',(0.,0.,1.));
#2939=DIRECTION('',(0.,-0.5,-0.866025403784439));
#2940=DIRECTION('',(0.,-0.965925826289069,-0.25881904510252));
#2941=DIRECTION('',(0.,0.25881904510252,-0.965925826289069));
#2942=DIRECTION('',(0.,0.965925826289069,0.25881904510252));
#2943=DIRECTION('',(0.,0.25881904510252,-0.965925826289069));
#2944=DIRECTION('',(0.,0.965925826289068,0.258819045102521));
#2945=DIRECTION('',(0.,-0.25881904510252,0.965925826289069));
#2946=DIRECTION('',(0.,0.5,0.866025403784439));
#2947=DIRECTION('',(-1.,0.,0.));
#2948=DIRECTION('',(0.,0.,1.));
#2949=DIRECTION('',(0.,0.,-1.));
#2950=DIRECTION('',(0.,-0.707106781186549,-0.707106781186547));
#2951=DIRECTION('',(0.,0.707106781186547,-0.707106781186549));
#2952=DIRECTION('',(0.,0.707106781186549,0.707106781186547));
#2953=DIRECTION('',(0.,0.707106781186547,-0.707106781186549));
#2954=DIRECTION('',(0.,0.707106781186549,0.707106781186547));
#2955=DIRECTION('',(0.,-0.707106781186547,0.707106781186549));
#2956=DIRECTION('',(0.,0.,1.));
#2957=DIRECTION('',(-1.,0.,0.));
#2958=DIRECTION('',(0.,0.,1.));
#2959=DIRECTION('',(0.,0.5,-0.866025403784439));
#2960=DIRECTION('',(0.,-0.258819045102522,-0.965925826289068));
#2961=DIRECTION('',(0.,0.965925826289068,-0.258819045102521));
#2962=DIRECTION('',(0.,0.258819045102522,0.965925826289068));
#2963=DIRECTION('',(0.,0.965925826289068,-0.258819045102522));
#2964=DIRECTION('',(0.,0.258819045102522,0.965925826289068));
#2965=DIRECTION('',(0.,-0.965925826289069,0.25881904510252));
#2966=DIRECTION('',(0.,-0.5,0.866025403784439));
#2967=DIRECTION('',(-1.,0.,0.));
#2968=DIRECTION('',(0.,0.,1.));
#2969=DIRECTION('',(-1.,0.,0.));
#2970=DIRECTION('',(0.,0.,1.));
#2971=DIRECTION('',(-1.,0.,0.));
#2972=DIRECTION('',(0.,0.,1.));
#2973=DIRECTION('',(-1.,0.,0.));
#2974=DIRECTION('',(0.,-1.70740499604017E-16,-1.));
#2975=DIRECTION('',(0.,1.,-1.70740499604017E-16));
#2976=DIRECTION('',(-1.,0.,0.));
#2977=DIRECTION('',(1.,0.,0.));
#2978=DIRECTION('',(0.,1.70740499604016E-16,1.));
#2979=DIRECTION('',(0.,-1.,1.70740499604016E-16));
#2980=DIRECTION('',(1.,0.,0.));
#2981=DIRECTION('',(-1.,0.,0.));
#2982=DIRECTION('',(0.,-0.707106781186547,0.707106781186548));
#2983=DIRECTION('',(0.,-0.707106781186548,-0.707106781186547));
#2984=DIRECTION('',(1.,0.,0.));
#2985=DIRECTION('',(0.,-0.707106781186549,-0.707106781186547));
#2986=DIRECTION('',(0.,0.707106781186547,-0.707106781186549));
#2987=DIRECTION('',(1.,0.,0.));
#2988=DIRECTION('',(0.,0.70710678118655,0.707106781186546));
#2989=DIRECTION('',(0.,-0.707106781186546,0.70710678118655));
#2990=DIRECTION('',(1.,0.,0.));
#2991=DIRECTION('',(0.,0.707106781186547,-0.707106781186549));
#2992=DIRECTION('',(0.,0.707106781186549,0.707106781186547));
#2993=DIRECTION('',(1.,0.,0.));
#2994=DIRECTION('',(0.,0.707106781186549,0.707106781186547));
#2995=DIRECTION('',(0.,-0.707106781186547,0.707106781186549));
#2996=DIRECTION('',(1.,0.,0.));
#2997=DIRECTION('',(0.,0.707106781186547,-0.707106781186549));
#2998=DIRECTION('',(0.,0.707106781186549,0.707106781186547));
#2999=DIRECTION('',(-1.,0.,0.));
#3000=DIRECTION('',(0.,0.,1.));
#3001=DIRECTION('',(0.,-0.258819045102523,-0.965925826289068));
#3002=DIRECTION('',(0.,0.965925826289068,-0.258819045102523));
#3003=DIRECTION('',(1.,0.,0.));
#3004=DIRECTION('',(1.,0.,0.));
#3005=DIRECTION('',(0.,0.965925826289068,-0.258819045102523));
#3006=DIRECTION('',(0.,0.258819045102523,0.965925826289068));
#3007=DIRECTION('',(1.,0.,0.));
#3008=DIRECTION('',(0.,0.5,-0.866025403784439));
#3009=DIRECTION('',(0.,0.866025403784439,0.5));
#3010=DIRECTION('',(-1.,0.,0.));
#3011=DIRECTION('',(0.,0.258819045102523,0.965925826289068));
#3012=DIRECTION('',(0.,-0.965925826289068,0.258819045102523));
#3013=DIRECTION('',(1.,0.,0.));
#3014=DIRECTION('',(0.,-0.5,0.866025403784439));
#3015=DIRECTION('',(0.,-0.866025403784439,-0.5));
#3016=DIRECTION('',(1.,0.,0.));
#3017=DIRECTION('',(-1.,0.,0.));
#3018=DIRECTION('',(0.,-0.965925826289068,0.258819045102523));
#3019=DIRECTION('',(0.,-0.258819045102523,-0.965925826289068));
#3020=DIRECTION('',(1.,0.,0.));
#3021=DIRECTION('',(0.,0.258819045102523,0.965925826289068));
#3022=DIRECTION('',(0.,-0.965925826289068,0.258819045102523));
#3023=DIRECTION('',(1.,0.,0.));
#3024=DIRECTION('',(0.,0.965925826289068,-0.258819045102522));
#3025=DIRECTION('',(0.,0.258819045102522,0.965925826289068));
#3026=DIRECTION('',(-1.,0.,0.));
#3027=DIRECTION('',(0.,0.,1.));
#3028=DIRECTION('',(0.,0.866025403784439,-0.5));
#3029=DIRECTION('',(0.,0.5,0.866025403784439));
#3030=DIRECTION('',(-1.,0.,0.));
#3031=DIRECTION('',(1.,0.,0.));
#3032=DIRECTION('',(0.,-0.866025403784438,0.5));
#3033=DIRECTION('',(0.,-0.5,-0.866025403784438));
#3034=DIRECTION('',(1.,0.,0.));
#3035=DIRECTION('',(-1.,0.,0.));
#3036=DIRECTION('',(0.,-0.965925826289069,-0.258819045102519));
#3037=DIRECTION('',(0.,0.258819045102519,-0.965925826289069));
#3038=DIRECTION('',(1.,0.,0.));
#3039=DIRECTION('',(0.,0.258819045102517,-0.965925826289069));
#3040=DIRECTION('',(0.,0.965925826289069,0.258819045102517));
#3041=DIRECTION('',(1.,0.,0.));
#3042=DIRECTION('',(0.,-0.25881904510252,0.965925826289069));
#3043=DIRECTION('',(0.,-0.965925826289069,-0.25881904510252));
#3044=DIRECTION('',(1.,0.,0.));
#3045=DIRECTION('',(0.,0.965925826289069,0.25881904510252));
#3046=DIRECTION('',(0.,-0.25881904510252,0.965925826289069));
#3047=DIRECTION('',(1.,0.,0.));
#3048=DIRECTION('',(0.,-0.25881904510252,0.965925826289069));
#3049=DIRECTION('',(0.,-0.965925826289069,-0.25881904510252));
#3050=DIRECTION('',(1.,0.,0.));
#3051=DIRECTION('',(0.,0.965925826289069,0.25881904510252));
#3052=DIRECTION('',(0.,-0.25881904510252,0.965925826289069));
#3053=DIRECTION('',(-1.,0.,0.));
#3054=DIRECTION('',(0.,0.,1.));
#3055=DIRECTION('',(0.,1.,0.));
#3056=DIRECTION('',(0.,0.,1.));
#3057=DIRECTION('',(-1.,0.,0.));
#3058=DIRECTION('',(1.,0.,0.));
#3059=DIRECTION('',(0.,-1.,0.));
#3060=DIRECTION('',(0.,0.,-1.));
#3061=DIRECTION('',(1.,0.,0.));
#3062=DIRECTION('',(-1.,0.,0.));
#3063=DIRECTION('',(0.,-0.707106781186549,-0.707106781186547));
#3064=DIRECTION('',(0.,0.707106781186547,-0.707106781186549));
#3065=DIRECTION('',(1.,0.,0.));
#3066=DIRECTION('',(0.,0.707106781186547,-0.707106781186549));
#3067=DIRECTION('',(0.,0.707106781186549,0.707106781186547));
#3068=DIRECTION('',(1.,0.,0.));
#3069=DIRECTION('',(0.,-0.707106781186547,0.707106781186549));
#3070=DIRECTION('',(0.,-0.707106781186549,-0.707106781186547));
#3071=DIRECTION('',(1.,0.,0.));
#3072=DIRECTION('',(0.,0.707106781186549,0.707106781186547));
#3073=DIRECTION('',(0.,-0.707106781186547,0.707106781186549));
#3074=DIRECTION('',(1.,0.,0.));
#3075=DIRECTION('',(0.,-0.707106781186547,0.707106781186549));
#3076=DIRECTION('',(0.,-0.707106781186549,-0.707106781186547));
#3077=DIRECTION('',(1.,0.,0.));
#3078=DIRECTION('',(0.,0.707106781186549,0.707106781186547));
#3079=DIRECTION('',(0.,-0.707106781186547,0.707106781186549));
#3080=DIRECTION('',(-1.,0.,0.));
#3081=DIRECTION('',(0.,0.,1.));
#3082=DIRECTION('',(0.,0.866025403784439,0.5));
#3083=DIRECTION('',(0.,-0.5,0.866025403784439));
#3084=DIRECTION('',(-1.,0.,0.));
#3085=DIRECTION('',(1.,0.,0.));
#3086=DIRECTION('',(0.,-0.866025403784439,-0.5));
#3087=DIRECTION('',(0.,0.5,-0.866025403784439));
#3088=DIRECTION('',(1.,0.,0.));
#3089=DIRECTION('',(-1.,0.,0.));
#3090=DIRECTION('',(0.,-0.258819045102523,-0.965925826289068));
#3091=DIRECTION('',(0.,0.965925826289068,-0.258819045102523));
#3092=DIRECTION('',(1.,0.,0.));
#3093=DIRECTION('',(0.,0.965925826289068,-0.258819045102523));
#3094=DIRECTION('',(0.,0.258819045102523,0.965925826289068));
#3095=DIRECTION('',(1.,0.,0.));
#3096=DIRECTION('',(0.,-0.965925826289068,0.258819045102523));
#3097=DIRECTION('',(0.,-0.258819045102523,-0.965925826289068));
#3098=DIRECTION('',(1.,0.,0.));
#3099=DIRECTION('',(0.,0.258819045102525,0.965925826289067));
#3100=DIRECTION('',(0.,-0.965925826289067,0.258819045102525));
#3101=DIRECTION('',(1.,0.,0.));
#3102=DIRECTION('',(0.,-0.965925826289068,0.258819045102523));
#3103=DIRECTION('',(0.,-0.258819045102523,-0.965925826289068));
#3104=DIRECTION('',(1.,0.,0.));
#3105=DIRECTION('',(0.,0.258819045102523,0.965925826289068));
#3106=DIRECTION('',(0.,-0.965925826289068,0.258819045102523));
#3107=DIRECTION('',(-1.,0.,0.));
#3108=DIRECTION('',(0.,0.,1.));
#3109=DIRECTION('',(0.,0.5,0.866025403784439));
#3110=DIRECTION('',(0.,-0.866025403784439,0.5));
#3111=DIRECTION('',(-1.,0.,0.));
#3112=DIRECTION('',(1.,0.,0.));
#3113=DIRECTION('',(0.,-0.5,-0.866025403784438));
#3114=DIRECTION('',(0.,0.866025403784438,-0.5));
#3115=DIRECTION('',(1.,0.,0.));
#3116=DIRECTION('',(-1.,0.,0.));
#3117=DIRECTION('',(0.,0.258819045102518,-0.965925826289069));
#3118=DIRECTION('',(0.,0.965925826289069,0.258819045102518));
#3119=DIRECTION('',(1.,0.,0.));
#3120=DIRECTION('',(0.,0.965925826289069,0.25881904510252));
#3121=DIRECTION('',(0.,-0.25881904510252,0.965925826289069));
#3122=DIRECTION('',(1.,0.,0.));
#3123=DIRECTION('',(0.,-0.965925826289069,-0.258819045102518));
#3124=DIRECTION('',(0.,0.258819045102518,-0.965925826289069));
#3125=DIRECTION('',(1.,0.,0.));
#3126=DIRECTION('',(0.,-0.25881904510252,0.965925826289069));
#3127=DIRECTION('',(0.,-0.965925826289069,-0.25881904510252));
#3128=DIRECTION('',(1.,0.,0.));
#3129=DIRECTION('',(0.,-0.965925826289069,-0.25881904510252));
#3130=DIRECTION('',(0.,0.25881904510252,-0.965925826289069));
#3131=DIRECTION('',(1.,0.,0.));
#3132=DIRECTION('',(0.,-0.258819045102519,0.965925826289069));
#3133=DIRECTION('',(0.,-0.965925826289069,-0.258819045102519));
#3134=DIRECTION('',(-1.,0.,0.));
#3135=DIRECTION('',(0.,0.,1.));
#3136=DIRECTION('',(0.,1.70740499604017E-16,1.));
#3137=DIRECTION('',(0.,-1.,1.70740499604017E-16));
#3138=DIRECTION('',(-1.,0.,0.));
#3139=DIRECTION('',(1.,0.,0.));
#3140=DIRECTION('',(0.,-1.70740499604016E-16,-1.));
#3141=DIRECTION('',(0.,1.,-1.70740499604016E-16));
#3142=DIRECTION('',(1.,0.,0.));
#3143=DIRECTION('',(-1.,0.,0.));
#3144=DIRECTION('',(0.,0.707106781186547,-0.707106781186549));
#3145=DIRECTION('',(0.,0.707106781186549,0.707106781186547));
#3146=DIRECTION('',(1.,0.,0.));
#3147=DIRECTION('',(0.,0.707106781186549,0.707106781186547));
#3148=DIRECTION('',(0.,-0.707106781186547,0.707106781186549));
#3149=DIRECTION('',(1.,0.,0.));
#3150=DIRECTION('',(0.,-0.707106781186549,-0.707106781186547));
#3151=DIRECTION('',(0.,0.707106781186547,-0.707106781186549));
#3152=DIRECTION('',(1.,0.,0.));
#3153=DIRECTION('',(0.,-0.707106781186546,0.707106781186549));
#3154=DIRECTION('',(0.,-0.707106781186549,-0.707106781186546));
#3155=DIRECTION('',(1.,0.,0.));
#3156=DIRECTION('',(0.,-0.707106781186549,-0.707106781186547));
#3157=DIRECTION('',(0.,0.707106781186547,-0.707106781186549));
#3158=DIRECTION('',(1.,0.,0.));
#3159=DIRECTION('',(0.,-0.707106781186547,0.707106781186549));
#3160=DIRECTION('',(0.,-0.707106781186549,-0.707106781186547));
#3161=DIRECTION('',(-1.,0.,0.));
#3162=DIRECTION('',(0.,0.,1.));
#3163=DIRECTION('',(0.,-0.5,0.866025403784439));
#3164=DIRECTION('',(0.,-0.866025403784439,-0.5));
#3165=DIRECTION('',(-1.,0.,0.));
#3166=DIRECTION('',(1.,0.,0.));
#3167=DIRECTION('',(0.,0.5,-0.866025403784439));
#3168=DIRECTION('',(0.,0.866025403784439,0.5));
#3169=DIRECTION('',(1.,0.,0.));
#3170=DIRECTION('',(-1.,0.,0.));
#3171=DIRECTION('',(0.,0.965925826289068,-0.258819045102523));
#3172=DIRECTION('',(0.,0.258819045102523,0.965925826289068));
#3173=DIRECTION('',(1.,0.,0.));
#3174=DIRECTION('',(0.,0.258819045102523,0.965925826289068));
#3175=DIRECTION('',(0.,-0.965925826289068,0.258819045102523));
#3176=DIRECTION('',(1.,0.,0.));
#3177=DIRECTION('',(0.,-0.258819045102523,-0.965925826289068));
#3178=DIRECTION('',(0.,0.965925826289068,-0.258819045102523));
#3179=DIRECTION('',(1.,0.,0.));
#3180=DIRECTION('',(0.,-0.965925826289068,0.258819045102522));
#3181=DIRECTION('',(0.,-0.258819045102522,-0.965925826289068));
#3182=DIRECTION('',(1.,0.,0.));
#3183=DIRECTION('',(0.,-0.258819045102522,-0.965925826289068));
#3184=DIRECTION('',(0.,0.965925826289068,-0.258819045102522));
#3185=DIRECTION('',(1.,0.,0.));
#3186=DIRECTION('',(0.,-0.965925826289068,0.258819045102523));
#3187=DIRECTION('',(0.,-0.258819045102523,-0.965925826289068));
#3188=DIRECTION('',(-1.,0.,0.));
#3189=DIRECTION('',(0.,0.,1.));
#3190=DIRECTION('',(0.,-0.866025403784439,0.5));
#3191=DIRECTION('',(0.,-0.5,-0.866025403784439));
#3192=DIRECTION('',(-1.,0.,0.));
#3193=DIRECTION('',(1.,0.,0.));
#3194=DIRECTION('',(0.,0.86602540378444,-0.5));
#3195=DIRECTION('',(0.,0.5,0.866025403784439));
#3196=DIRECTION('',(1.,0.,0.));
#3197=DIRECTION('',(-1.,0.,0.));
#3198=DIRECTION('',(0.,0.965925826289069,0.25881904510252));
#3199=DIRECTION('',(0.,-0.25881904510252,0.965925826289069));
#3200=DIRECTION('',(1.,0.,0.));
#3201=DIRECTION('',(0.,-0.25881904510252,0.965925826289069));
#3202=DIRECTION('',(0.,-0.965925826289069,-0.25881904510252));
#3203=DIRECTION('',(1.,0.,0.));
#3204=DIRECTION('',(0.,0.258819045102521,-0.965925826289068));
#3205=DIRECTION('',(0.,0.965925826289068,0.258819045102521));
#3206=DIRECTION('',(1.,0.,0.));
#3207=DIRECTION('',(0.,-0.965925826289069,-0.25881904510252));
#3208=DIRECTION('',(0.,0.25881904510252,-0.965925826289069));
#3209=DIRECTION('',(1.,0.,0.));
#3210=DIRECTION('',(0.,0.25881904510252,-0.965925826289069));
#3211=DIRECTION('',(0.,0.965925826289069,0.25881904510252));
#3212=DIRECTION('',(1.,0.,0.));
#3213=DIRECTION('',(0.,-0.965925826289069,-0.25881904510252));
#3214=DIRECTION('',(0.,0.25881904510252,-0.965925826289069));
#3215=DIRECTION('',(-1.,0.,0.));
#3216=DIRECTION('',(0.,0.,1.));
#3217=DIRECTION('',(0.,-0.707106781186547,0.707106781186549));
#3218=DIRECTION('',(0.,-0.707106781186549,-0.707106781186547));
#3219=DIRECTION('',(1.,0.,0.));
#3220=DIRECTION('',(1.,0.,0.));
#3221=DIRECTION('',(0.,-0.707106781186549,-0.707106781186547));
#3222=DIRECTION('',(0.,0.707106781186547,-0.707106781186549));
#3223=DIRECTION('',(1.,0.,0.));
#3224=DIRECTION('',(0.,-1.,0.));
#3225=DIRECTION('',(0.,0.,-1.));
#3226=DIRECTION('',(-1.,0.,0.));
#3227=DIRECTION('',(1.,0.,0.));
#3228=DIRECTION('',(-1.,0.,0.));
#3229=DIRECTION('',(0.,0.707106781186547,-0.707106781186549));
#3230=DIRECTION('',(0.,0.707106781186549,0.707106781186547));
#3231=DIRECTION('',(1.,0.,0.));
#3232=DIRECTION('',(0.,1.,0.));
#3233=DIRECTION('',(0.,0.,1.));
#3234=DIRECTION('',(1.,0.,0.));
#3235=DIRECTION('',(-1.,0.,0.));
#3236=DIRECTION('',(0.,0.,-1.));
#3237=DIRECTION('',(1.,0.,0.));
#3238=DIRECTION('',(0.,0.,-1.));
#3239=DIRECTION('',(-1.,0.,0.));
#3240=DIRECTION('',(0.,0.707106781186549,0.707106781186547));
#3241=DIRECTION('',(0.,-0.707106781186547,0.707106781186549));
#3242=DIRECTION('',(1.,0.,0.));
#3243=DIRECTION('',(0.,0.707106781186547,-0.707106781186549));
#3244=DIRECTION('',(0.,0.707106781186549,0.707106781186547));
#3245=DIRECTION('',(1.,0.,0.));
#3246=DIRECTION('',(0.,-0.707106781186549,-0.707106781186547));
#3247=DIRECTION('',(0.,0.707106781186547,-0.707106781186549));
#3248=DIRECTION('',(-1.,0.,0.));
#3249=DIRECTION('',(0.,0.,1.));
#3250=DIRECTION('',(0.,-0.866025403784439,-0.5));
#3251=DIRECTION('',(0.,0.5,-0.866025403784439));
#3252=DIRECTION('',(-1.,0.,0.));
#3253=DIRECTION('',(1.,0.,0.));
#3254=DIRECTION('',(0.,0.866025403784439,0.5));
#3255=DIRECTION('',(0.,-0.5,0.866025403784439));
#3256=DIRECTION('',(1.,0.,0.));
#3257=DIRECTION('',(0.,0.25881904510252,0.965925826289069));
#3258=DIRECTION('',(0.,-0.965925826289069,0.25881904510252));
#3259=DIRECTION('',(1.,0.,0.));
#3260=DIRECTION('',(0.,-0.965925826289068,0.258819045102522));
#3261=DIRECTION('',(0.,-0.258819045102522,-0.965925826289068));
#3262=DIRECTION('',(1.,0.,0.));
#3263=DIRECTION('',(0.,0.965925826289068,-0.258819045102522));
#3264=DIRECTION('',(0.,0.258819045102522,0.965925826289068));
#3265=DIRECTION('',(1.,0.,0.));
#3266=DIRECTION('',(0.,-0.258819045102522,-0.965925826289068));
#3267=DIRECTION('',(0.,0.965925826289068,-0.258819045102522));
#3268=DIRECTION('',(1.,0.,0.));
#3269=DIRECTION('',(0.,0.965925826289068,-0.258819045102522));
#3270=DIRECTION('',(0.,0.258819045102522,0.965925826289068));
#3271=DIRECTION('',(1.,0.,0.));
#3272=DIRECTION('',(0.,-0.258819045102521,-0.965925826289068));
#3273=DIRECTION('',(0.,0.965925826289068,-0.258819045102521));
#3274=DIRECTION('',(-1.,0.,0.));
#3275=DIRECTION('',(0.,0.,1.));
#3276=DIRECTION('',(-1.,0.,0.));
#3277=DIRECTION('',(0.,0.,1.));
#3278=DIRECTION('',(1.,0.,0.));
#3279=DIRECTION('',(0.,0.,-1.));
#3280=DIRECTION('',(-1.,0.,0.));
#3281=DIRECTION('',(0.,0.,1.));
#3282=DIRECTION('',(1.,0.,0.));
#3283=DIRECTION('',(0.,1.,0.));
#3284=DIRECTION('',(1.,0.,0.));
#3285=DIRECTION('',(0.,0.,-1.));
#3286=DIRECTION('',(1.,0.,0.));
#3287=DIRECTION('',(0.,0.,-1.));
#3288=DIRECTION('',(-1.,0.,0.));
#3289=DIRECTION('',(0.,0.,1.));
#3290=DIRECTION('',(0.,1.,-4.14709146438612E-16));
#3291=DIRECTION('',(1.,0.,0.));
#3292=DIRECTION('',(0.,0.,-1.));
#3293=DIRECTION('',(-1.,0.,0.));
#3294=DIRECTION('',(0.,0.,1.));
#3295=DIRECTION('',(1.,0.,0.));
#3296=DIRECTION('',(0.,0.,-1.));
#3297=DIRECTION('',(0.,0.,-1.));
#3298=DIRECTION('',(-1.,0.,0.));
#3299=DIRECTION('',(0.,0.,1.));
#3300=DIRECTION('',(1.,0.,0.));
#3301=DIRECTION('',(-1.,0.,0.));
#3302=DIRECTION('',(0.,0.,1.));
#3303=DIRECTION('',(-1.,0.,0.));
#3304=DIRECTION('',(-1.,0.,0.));
#3305=DIRECTION('',(-1.,0.,0.));
#3306=DIRECTION('',(-1.,0.,0.));
#3307=DIRECTION('',(0.,-4.14709146438612E-16,-1.));
#3308=DIRECTION('',(0.,1.,-4.14709146438612E-16));
#3309=DIRECTION('',(0.,0.,-1.));
#3310=DIRECTION('',(-1.,0.,0.));
#3311=DIRECTION('',(0.,0.,-1.));
#3312=DIRECTION('',(-1.,0.,0.));
#3313=DIRECTION('',(0.,0.,-1.));
#3314=DIRECTION('',(-1.,0.,0.));
#3315=DIRECTION('',(0.,0.,-1.));
#3316=DIRECTION('',(-1.,0.,0.));
#3317=DIRECTION('',(1.,0.,0.));
#3318=DIRECTION('',(0.,0.,-1.));
#3319=DIRECTION('',(1.,0.,0.));
#3320=DIRECTION('',(0.,0.,-1.));
#3321=DIRECTION('',(0.,0.,1.));
#3322=DIRECTION('',(1.,0.,0.));
#3323=DIRECTION('',(0.,0.,1.));
#3324=DIRECTION('',(1.,0.,0.));
#3325=CARTESIAN_POINT('',(0.,0.,0.));
#3326=CARTESIAN_POINT('',(-0.00819,3.07141417226156E-19,0.041224995));
#3327=CARTESIAN_POINT('',(-0.00819,3.07141417226156E-19,0.020066));
#3328=CARTESIAN_POINT('',(-0.00601805248682202,0.00127,0.020066));
#3329=CARTESIAN_POINT('',(-0.010361947513178,0.00127,0.020066));
#3330=CARTESIAN_POINT('',(-0.00601805248682202,0.00127,0.041224995));
#3331=CARTESIAN_POINT('',(-0.00601805248682202,0.00127,0.0202802736667926));
#3332=CARTESIAN_POINT('',(-0.010361947513178,0.00127,0.0202802736667926));
#3333=CARTESIAN_POINT('',(-0.00991895602523658,0.00202760177999475,0.0202328308030324));
#3334=CARTESIAN_POINT('',(-0.00863129938302733,0.00275443371564548,0.0201308830971722));
#3335=CARTESIAN_POINT('',(-0.00687856966521774,0.00228140987065551,0.0201951538270119));
#3336=CARTESIAN_POINT('',(-0.00623931314521379,0.00164839884784104,0.0202565774117689));
#3337=CARTESIAN_POINT('',(-0.00601805248682202,0.00127,0.0202802736667926));
#3338=CARTESIAN_POINT('',(-0.010361947513178,0.00127,0.0202802736667926));
#3339=CARTESIAN_POINT('',(-0.010361947513178,0.00127,0.041224995));
#3340=CARTESIAN_POINT('',(-0.0135,0.,0.002));
#3341=CARTESIAN_POINT('',(-0.0135,-0.0182268385613461,0.0125082151624998));
#3342=CARTESIAN_POINT('',(-0.0135,-0.0180624884677061,0.0118948522628062));
#3343=CARTESIAN_POINT('',(-0.0135,-0.0183911886549863,0.0131215780621934));
#3344=CARTESIAN_POINT('',(-0.0135,-0.0175125623363029,0.0115773522628062));
#3345=CARTESIAN_POINT('',(-0.0135,-0.016928232191143,0.0112399890962025));
#3346=CARTESIAN_POINT('',(-0.0135,0.,0.));
#3347=CARTESIAN_POINT('',(-0.0135,-0.0112399890962025,0.016928232191143));
#3348=CARTESIAN_POINT('',(-0.0135,-0.0115773522628062,0.0175125623363029));
#3349=CARTESIAN_POINT('',(-0.0135,-0.0118948522628062,0.0180624884677061));
#3350=CARTESIAN_POINT('',(-0.0135,-0.0125082151624998,0.0182268385613461));
#3351=CARTESIAN_POINT('',(-0.0135,-0.0131215780621934,0.0183911886549863));
#3352=CARTESIAN_POINT('',(-0.0135,-0.0128891519307902,0.0192586147863894));
#3353=CARTESIAN_POINT('',(-0.0135,-0.0126567257993871,0.0201260409177925));
#3354=CARTESIAN_POINT('',(-0.0135,-0.0120433628996936,0.0199616908241524));
#3355=CARTESIAN_POINT('',(-0.0135,-0.01143,0.0197973407305123));
#3356=CARTESIAN_POINT('',(-0.0135,-0.0112656499063599,0.0204107036302058));
#3357=CARTESIAN_POINT('',(-0.0135,-0.0111012998127198,0.0210240665298994));
#3358=CARTESIAN_POINT('',(-0.0135,-0.0102338736813167,0.0207916403984963));
#3359=CARTESIAN_POINT('',(-0.0135,-0.00936644754991357,0.0205592142670931));
#3360=CARTESIAN_POINT('',(-0.0135,-0.00953079764355367,0.0199458513673996));
#3361=CARTESIAN_POINT('',(-0.0135,-0.00969514773719377,0.0193324884677061));
#3362=CARTESIAN_POINT('',(-0.0135,-0.00937764773719377,0.0187825623363029));
#3363=CARTESIAN_POINT('',(-0.0135,-0.00904028457059005,0.018198232191143));
#3364=CARTESIAN_POINT('',(-0.0135,0.,0.));
#3365=CARTESIAN_POINT('',(-0.0135,-0.00127,0.0202802736667926));
#3366=CARTESIAN_POINT('',(-0.0135,-0.00127,0.020955));
#3367=CARTESIAN_POINT('',(-0.0135,-0.00127,0.02159));
#3368=CARTESIAN_POINT('',(-0.0135,-0.00171901280605346,0.0220390128060534));
#3369=CARTESIAN_POINT('',(-0.0135,-0.00216802561210691,0.022488025612107));
#3370=CARTESIAN_POINT('',(-0.0135,-0.00153302561210692,0.023123025612107));
#3371=CARTESIAN_POINT('',(-0.0135,-0.000898025612106912,0.023758025612107));
#3372=CARTESIAN_POINT('',(-0.0135,-0.000449012806053456,0.0233090128060535));
#3373=CARTESIAN_POINT('',(-0.0135,-1.7347234759768E-18,0.02286));
#3374=CARTESIAN_POINT('',(-0.0135,0.000449012806053459,0.0233090128060535));
#3375=CARTESIAN_POINT('',(-0.0135,0.000898025612106917,0.023758025612107));
#3376=CARTESIAN_POINT('',(-0.0135,0.00153302561210691,0.023123025612107));
#3377=CARTESIAN_POINT('',(-0.0135,0.00216802561210691,0.0224880256121069));
#3378=CARTESIAN_POINT('',(-0.0135,0.00171901280605346,0.0220390128060534));
#3379=CARTESIAN_POINT('',(-0.0135,0.00127,0.02159));
#3380=CARTESIAN_POINT('',(-0.0135,0.00127,0.020955));
#3381=CARTESIAN_POINT('',(-0.0135,0.00127,0.0202802736667926));
#3382=CARTESIAN_POINT('',(-0.0135,0.,0.));
#3383=CARTESIAN_POINT('',(-0.0135,0.00904028457059005,0.018198232191143));
#3384=CARTESIAN_POINT('',(-0.0135,0.00937764773719377,0.0187825623363029));
#3385=CARTESIAN_POINT('',(-0.0135,0.00969514773719377,0.0193324884677061));
#3386=CARTESIAN_POINT('',(-0.0135,0.00953079764355367,0.0199458513673996));
#3387=CARTESIAN_POINT('',(-0.0135,0.00936644754991356,0.0205592142670931));
#3388=CARTESIAN_POINT('',(-0.0135,0.0102338736813167,0.0207916403984963));
#3389=CARTESIAN_POINT('',(-0.0135,0.0111012998127198,0.0210240665298994));
#3390=CARTESIAN_POINT('',(-0.0135,0.0112656499063599,0.0204107036302058));
#3391=CARTESIAN_POINT('',(-0.0135,0.01143,0.0197973407305123));
#3392=CARTESIAN_POINT('',(-0.0135,0.0120433628996936,0.0199616908241524));
#3393=CARTESIAN_POINT('',(-0.0135,0.0126567257993871,0.0201260409177925));
#3394=CARTESIAN_POINT('',(-0.0135,0.0128891519307902,0.0192586147863893));
#3395=CARTESIAN_POINT('',(-0.0135,0.0131215780621933,0.0183911886549863));
#3396=CARTESIAN_POINT('',(-0.0135,0.0125082151624998,0.0182268385613461));
#3397=CARTESIAN_POINT('',(-0.0135,0.0118948522628062,0.0180624884677061));
#3398=CARTESIAN_POINT('',(-0.0135,0.0115773522628062,0.0175125623363029));
#3399=CARTESIAN_POINT('',(-0.0135,0.0112399890962025,0.016928232191143));
#3400=CARTESIAN_POINT('',(-0.0135,0.,0.));
#3401=CARTESIAN_POINT('',(-0.0135,0.016928232191143,0.0112399890962025));
#3402=CARTESIAN_POINT('',(-0.0135,0.0175125623363029,0.0115773522628062));
#3403=CARTESIAN_POINT('',(-0.0135,0.0180624884677061,0.0118948522628062));
#3404=CARTESIAN_POINT('',(-0.0135,0.0182268385613461,0.0125082151624998));
#3405=CARTESIAN_POINT('',(-0.0135,0.0183911886549863,0.0131215780621933));
#3406=CARTESIAN_POINT('',(-0.0135,0.0192586147863893,0.0128891519307902));
#3407=CARTESIAN_POINT('',(-0.0135,0.0201260409177925,0.0126567257993871));
#3408=CARTESIAN_POINT('',(-0.0135,0.0199616908241524,0.0120433628996935));
#3409=CARTESIAN_POINT('',(-0.0135,0.0197973407305123,0.01143));
#3410=CARTESIAN_POINT('',(-0.0135,0.0204107036302058,0.0112656499063599));
#3411=CARTESIAN_POINT('',(-0.0135,0.0210240665298994,0.0111012998127198));
#3412=CARTESIAN_POINT('',(-0.0135,0.0207916403984963,0.0102338736813167));
#3413=CARTESIAN_POINT('',(-0.0135,0.0205592142670931,0.00936644754991355));
#3414=CARTESIAN_POINT('',(-0.0135,0.0199458513673996,0.00953079764355365));
#3415=CARTESIAN_POINT('',(-0.0135,0.0193324884677061,0.00969514773719376));
#3416=CARTESIAN_POINT('',(-0.0135,0.0187825623363029,0.00937764773719376));
#3417=CARTESIAN_POINT('',(-0.0135,0.018198232191143,0.00904028457059003));
#3418=CARTESIAN_POINT('',(-0.0135,0.,0.));
#3419=CARTESIAN_POINT('',(-0.0135,0.0202802736667926,0.00127));
#3420=CARTESIAN_POINT('',(-0.0135,0.020955,0.00127));
#3421=CARTESIAN_POINT('',(-0.0135,0.02159,0.00127));
#3422=CARTESIAN_POINT('',(-0.0135,0.0220390128060534,0.00171901280605346));
#3423=CARTESIAN_POINT('',(-0.0135,0.022488025612107,0.00216802561210691));
#3424=CARTESIAN_POINT('',(-0.0135,0.023123025612107,0.00153302561210691));
#3425=CARTESIAN_POINT('',(-0.0135,0.023758025612107,0.000898025612106914));
#3426=CARTESIAN_POINT('',(-0.0135,0.0233090128060535,0.000449012806053452));
#3427=CARTESIAN_POINT('',(-0.0135,0.02286,-1.21430643318376E-17));
#3428=CARTESIAN_POINT('',(-0.0135,0.0233090128060535,-0.000449012806053462));
#3429=CARTESIAN_POINT('',(-0.0135,0.023758025612107,-0.000898025612106918));
#3430=CARTESIAN_POINT('',(-0.0135,0.023123025612107,-0.00153302561210692));
#3431=CARTESIAN_POINT('',(-0.0135,0.0224880256121069,-0.00216802561210692));
#3432=CARTESIAN_POINT('',(-0.0135,0.0220390128060534,-0.00171901280605346));
#3433=CARTESIAN_POINT('',(-0.0135,0.02159,-0.00127));
#3434=CARTESIAN_POINT('',(-0.0135,0.020955,-0.00127));
#3435=CARTESIAN_POINT('',(-0.0135,0.0202802736667926,-0.00127));
#3436=CARTESIAN_POINT('',(-0.0135,0.,0.));
#3437=CARTESIAN_POINT('',(-0.0135,0.018198232191143,-0.00904028457059006));
#3438=CARTESIAN_POINT('',(-0.0135,0.0187825623363029,-0.00937764773719378));
#3439=CARTESIAN_POINT('',(-0.0135,0.0193324884677061,-0.00969514773719378));
#3440=CARTESIAN_POINT('',(-0.0135,0.0199458513673996,-0.00953079764355368));
#3441=CARTESIAN_POINT('',(-0.0135,0.0205592142670931,-0.00936644754991358));
#3442=CARTESIAN_POINT('',(-0.0135,0.0207916403984963,-0.0102338736813167));
#3443=CARTESIAN_POINT('',(-0.0135,0.0210240665298994,-0.0111012998127198));
#3444=CARTESIAN_POINT('',(-0.0135,0.0204107036302058,-0.0112656499063599));
#3445=CARTESIAN_POINT('',(-0.0135,0.0197973407305123,-0.01143));
#3446=CARTESIAN_POINT('',(-0.0135,0.0199616908241523,-0.0120433628996936));
#3447=CARTESIAN_POINT('',(-0.0135,0.0201260409177925,-0.0126567257993871));
#3448=CARTESIAN_POINT('',(-0.0135,0.0192586147863893,-0.0128891519307902));
#3449=CARTESIAN_POINT('',(-0.0135,0.0183911886549863,-0.0131215780621934));
#3450=CARTESIAN_POINT('',(-0.0135,0.0182268385613461,-0.0125082151624998));
#3451=CARTESIAN_POINT('',(-0.0135,0.0180624884677061,-0.0118948522628062));
#3452=CARTESIAN_POINT('',(-0.0135,0.0175125623363029,-0.0115773522628062));
#3453=CARTESIAN_POINT('',(-0.0135,0.016928232191143,-0.0112399890962025));
#3454=CARTESIAN_POINT('',(-0.0135,0.,0.));
#3455=CARTESIAN_POINT('',(-0.0135,0.0112399890962025,-0.016928232191143));
#3456=CARTESIAN_POINT('',(-0.0135,0.0115773522628062,-0.0175125623363029));
#3457=CARTESIAN_POINT('',(-0.0135,0.0118948522628062,-0.0180624884677061));
#3458=CARTESIAN_POINT('',(-0.0135,0.0125082151624998,-0.0182268385613461));
#3459=CARTESIAN_POINT('',(-0.0135,0.0131215780621933,-0.0183911886549863));
#3460=CARTESIAN_POINT('',(-0.0135,0.0128891519307902,-0.0192586147863893));
#3461=CARTESIAN_POINT('',(-0.0135,0.0126567257993871,-0.0201260409177925));
#3462=CARTESIAN_POINT('',(-0.0135,0.0120433628996936,-0.0199616908241524));
#3463=CARTESIAN_POINT('',(-0.0135,0.01143,-0.0197973407305123));
#3464=CARTESIAN_POINT('',(-0.0135,0.0112656499063599,-0.0204107036302058));
#3465=CARTESIAN_POINT('',(-0.0135,0.0111012998127198,-0.0210240665298994));
#3466=CARTESIAN_POINT('',(-0.0135,0.0102338736813167,-0.0207916403984963));
#3467=CARTESIAN_POINT('',(-0.0135,0.00936644754991356,-0.0205592142670931));
#3468=CARTESIAN_POINT('',(-0.0135,0.00953079764355366,-0.0199458513673996));
#3469=CARTESIAN_POINT('',(-0.0135,0.00969514773719376,-0.0193324884677061));
#3470=CARTESIAN_POINT('',(-0.0135,0.00937764773719376,-0.0187825623363029));
#3471=CARTESIAN_POINT('',(-0.0135,0.00904028457059005,-0.018198232191143));
#3472=CARTESIAN_POINT('',(-0.0135,0.,0.));
#3473=CARTESIAN_POINT('',(-0.0135,0.00127,-0.0202802736667926));
#3474=CARTESIAN_POINT('',(-0.0135,0.00127,-0.020955));
#3475=CARTESIAN_POINT('',(-0.0135,0.00127,-0.02159));
#3476=CARTESIAN_POINT('',(-0.0135,0.00171901280605346,-0.0220390128060534));
#3477=CARTESIAN_POINT('',(-0.0135,0.00216802561210691,-0.022488025612107));
#3478=CARTESIAN_POINT('',(-0.0135,0.00153302561210692,-0.023123025612107));
#3479=CARTESIAN_POINT('',(-0.0135,0.000898025612106917,-0.023758025612107));
#3480=CARTESIAN_POINT('',(-0.0135,0.000449012806053454,-0.0233090128060535));
#3481=CARTESIAN_POINT('',(-0.0135,-1.56125112837912E-17,-0.02286));
#3482=CARTESIAN_POINT('',(-0.0135,-0.000449012806053461,-0.0233090128060535));
#3483=CARTESIAN_POINT('',(-0.0135,-0.000898025612106917,-0.023758025612107));
#3484=CARTESIAN_POINT('',(-0.0135,-0.00153302561210692,-0.023123025612107));
#3485=CARTESIAN_POINT('',(-0.0135,-0.00216802561210691,-0.022488025612107));
#3486=CARTESIAN_POINT('',(-0.0135,-0.00171901280605346,-0.0220390128060534));
#3487=CARTESIAN_POINT('',(-0.0135,-0.00127,-0.02159));
#3488=CARTESIAN_POINT('',(-0.0135,-0.00127,-0.020955));
#3489=CARTESIAN_POINT('',(-0.0135,-0.00127,-0.0202802736667926));
#3490=CARTESIAN_POINT('',(-0.0135,0.,0.));
#3491=CARTESIAN_POINT('',(-0.0135,-0.00904028457059006,-0.018198232191143));
#3492=CARTESIAN_POINT('',(-0.0135,-0.00937764773719378,-0.0187825623363029));
#3493=CARTESIAN_POINT('',(-0.0135,-0.00969514773719378,-0.0193324884677061));
#3494=CARTESIAN_POINT('',(-0.0135,-0.00953079764355368,-0.0199458513673996));
#3495=CARTESIAN_POINT('',(-0.0135,-0.00936644754991358,-0.0205592142670931));
#3496=CARTESIAN_POINT('',(-0.0135,-0.0102338736813167,-0.0207916403984963));
#3497=CARTESIAN_POINT('',(-0.0135,-0.0111012998127198,-0.0210240665298994));
#3498=CARTESIAN_POINT('',(-0.0135,-0.0112656499063599,-0.0204107036302058));
#3499=CARTESIAN_POINT('',(-0.0135,-0.01143,-0.0197973407305123));
#3500=CARTESIAN_POINT('',(-0.0135,-0.0120433628996936,-0.0199616908241523));
#3501=CARTESIAN_POINT('',(-0.0135,-0.0126567257993871,-0.0201260409177925));
#3502=CARTESIAN_POINT('',(-0.0135,-0.0128891519307902,-0.0192586147863893));
#3503=CARTESIAN_POINT('',(-0.0135,-0.0131215780621934,-0.0183911886549863));
#3504=CARTESIAN_POINT('',(-0.0135,-0.0125082151624998,-0.0182268385613461));
#3505=CARTESIAN_POINT('',(-0.0135,-0.0118948522628062,-0.0180624884677061));
#3506=CARTESIAN_POINT('',(-0.0135,-0.0115773522628062,-0.0175125623363029));
#3507=CARTESIAN_POINT('',(-0.0135,-0.0112399890962025,-0.016928232191143));
#3508=CARTESIAN_POINT('',(-0.0135,0.,0.));
#3509=CARTESIAN_POINT('',(-0.0135,-0.016928232191143,-0.0112399890962025));
#3510=CARTESIAN_POINT('',(-0.0135,-0.0175125623363029,-0.0115773522628062));
#3511=CARTESIAN_POINT('',(-0.0135,-0.0180624884677061,-0.0118948522628062));
#3512=CARTESIAN_POINT('',(-0.0135,-0.0182268385613461,-0.0125082151624998));
#3513=CARTESIAN_POINT('',(-0.0135,-0.0183911886549863,-0.0131215780621934));
#3514=CARTESIAN_POINT('',(-0.0135,-0.0192586147863893,-0.0128891519307902));
#3515=CARTESIAN_POINT('',(-0.0135,-0.0201260409177925,-0.0126567257993871));
#3516=CARTESIAN_POINT('',(-0.0135,-0.0199616908241524,-0.0120433628996936));
#3517=CARTESIAN_POINT('',(-0.0135,-0.0197973407305123,-0.01143));
#3518=CARTESIAN_POINT('',(-0.0135,-0.0204107036302058,-0.0112656499063599));
#3519=CARTESIAN_POINT('',(-0.0135,-0.0210240665298994,-0.0111012998127198));
#3520=CARTESIAN_POINT('',(-0.0135,-0.0207916403984963,-0.0102338736813167));
#3521=CARTESIAN_POINT('',(-0.0135,-0.0205592142670931,-0.00936644754991357));
#3522=CARTESIAN_POINT('',(-0.0135,-0.0199458513673996,-0.00953079764355366));
#3523=CARTESIAN_POINT('',(-0.0135,-0.0193324884677061,-0.00969514773719376));
#3524=CARTESIAN_POINT('',(-0.0135,-0.0187825623363029,-0.00937764773719376));
#3525=CARTESIAN_POINT('',(-0.0135,-0.018198232191143,-0.00904028457059004));
#3526=CARTESIAN_POINT('',(-0.0135,0.,0.));
#3527=CARTESIAN_POINT('',(-0.0135,-0.0202802736667926,-0.00127));
#3528=CARTESIAN_POINT('',(-0.0135,-0.020955,-0.00127));
#3529=CARTESIAN_POINT('',(-0.0135,-0.02159,-0.00127));
#3530=CARTESIAN_POINT('',(-0.0135,-0.0220390128060534,-0.00171901280605346));
#3531=CARTESIAN_POINT('',(-0.0135,-0.022488025612107,-0.00216802561210691));
#3532=CARTESIAN_POINT('',(-0.0135,-0.023123025612107,-0.00153302561210691));
#3533=CARTESIAN_POINT('',(-0.0135,-0.023758025612107,-0.000898025612106914));
#3534=CARTESIAN_POINT('',(-0.0135,-0.0233090128060535,-0.000449012806053453));
#3535=CARTESIAN_POINT('',(-0.0135,-0.02286,1.56125112837912E-17));
#3536=CARTESIAN_POINT('',(-0.0135,-0.0233090128060535,0.00044901280605346));
#3537=CARTESIAN_POINT('',(-0.0135,-0.023758025612107,0.000898025612106916));
#3538=CARTESIAN_POINT('',(-0.0135,-0.023123025612107,0.00153302561210691));
#3539=CARTESIAN_POINT('',(-0.0135,-0.0224880256121069,0.00216802561210691));
#3540=CARTESIAN_POINT('',(-0.0135,-0.0220390128060534,0.00171901280605346));
#3541=CARTESIAN_POINT('',(-0.0135,-0.02159,0.00127));
#3542=CARTESIAN_POINT('',(-0.0135,-0.020955,0.00127));
#3543=CARTESIAN_POINT('',(-0.0135,-0.0202802736667926,0.00127));
#3544=CARTESIAN_POINT('',(-0.0135,0.,0.));
#3545=CARTESIAN_POINT('',(-0.0135,-0.018198232191143,0.00904028457059005));
#3546=CARTESIAN_POINT('',(-0.0135,-0.0187825623363029,0.00937764773719377));
#3547=CARTESIAN_POINT('',(-0.0135,-0.0193324884677061,0.00969514773719377));
#3548=CARTESIAN_POINT('',(-0.0135,-0.0199458513673996,0.00953079764355367));
#3549=CARTESIAN_POINT('',(-0.0135,-0.0205592142670931,0.00936644754991357));
#3550=CARTESIAN_POINT('',(-0.0135,-0.0207916403984963,0.0102338736813167));
#3551=CARTESIAN_POINT('',(-0.0135,-0.0210240665298994,0.0111012998127198));
#3552=CARTESIAN_POINT('',(-0.0135,-0.0204107036302058,0.0112656499063599));
#3553=CARTESIAN_POINT('',(-0.0135,-0.0197973407305123,0.01143));
#3554=CARTESIAN_POINT('',(-0.0135,-0.0199616908241524,0.0120433628996936));
#3555=CARTESIAN_POINT('',(-0.0135,-0.0201260409177925,0.0126567257993871));
#3556=CARTESIAN_POINT('',(-0.0135,-0.0192586147863893,0.0128891519307902));
#3557=CARTESIAN_POINT('',(-0.0135,-0.009095,1.04094977927525E-19));
#3558=CARTESIAN_POINT('',(-0.0135,-0.009095,-0.0017));
#3559=CARTESIAN_POINT('',(-0.0135,0.009095,1.08386679715923E-18));
#3560=CARTESIAN_POINT('',(-0.0135,0.009095,-0.0017));
#3561=CARTESIAN_POINT('',(-0.0135,-0.00106143676400588,0.001627));
#3562=CARTESIAN_POINT('',(-0.0135,0.00137003649586425,0.001627));
#3563=CARTESIAN_POINT('',(-0.0135,-0.00137003649586425,0.001627));
#3564=CARTESIAN_POINT('',(-0.0135,0.,0.));
#3565=CARTESIAN_POINT('',(-0.013502,-0.0175125623363029,0.0115773522628062));
#3566=CARTESIAN_POINT('',(0.02036,-0.0175125623363029,0.0115773522628062));
#3567=CARTESIAN_POINT('',(0.02036,-0.0180624884677061,0.0118948522628062));
#3568=CARTESIAN_POINT('',(0.02036,-0.016928232191143,0.0112399890962025));
#3569=CARTESIAN_POINT('',(-0.0254,-0.016928232191143,0.0112399890962025));
#3570=CARTESIAN_POINT('',(-0.013502,-0.0180624884677061,0.0118948522628062));
#3571=CARTESIAN_POINT('',(-0.013502,-0.0187825623363029,0.00937764773719377));
#3572=CARTESIAN_POINT('',(-0.013502,-0.0193324884677061,0.00969514773719377));
#3573=CARTESIAN_POINT('',(0.02036,-0.0193324884677061,0.00969514773719377));
#3574=CARTESIAN_POINT('',(-0.0254,-0.018198232191143,0.00904028457059005));
#3575=CARTESIAN_POINT('',(0.02036,-0.018198232191143,0.00904028457059005));
#3576=CARTESIAN_POINT('',(0.02036,-0.0187825623363029,0.00937764773719377));
#3577=CARTESIAN_POINT('',(-0.013502,-0.0199458513673996,0.00953079764355367));
#3578=CARTESIAN_POINT('',(-0.013502,-0.0205592142670931,0.00936644754991357));
#3579=CARTESIAN_POINT('',(0.02036,-0.0205592142670931,0.00936644754991357));
#3580=CARTESIAN_POINT('',(0.02036,-0.0199458513673996,0.00953079764355367));
#3581=CARTESIAN_POINT('',(-0.013502,-0.0182268385613461,0.0125082151624998));
#3582=CARTESIAN_POINT('',(-0.013502,-0.0183911886549863,0.0131215780621934));
#3583=CARTESIAN_POINT('',(0.02036,-0.0183911886549863,0.0131215780621934));
#3584=CARTESIAN_POINT('',(0.02036,-0.0182268385613461,0.0125082151624998));
#3585=CARTESIAN_POINT('',(-0.013502,-0.0207916403984963,0.0102338736813167));
#3586=CARTESIAN_POINT('',(-0.013502,-0.0210240665298994,0.0111012998127198));
#3587=CARTESIAN_POINT('',(0.02036,-0.0210240665298994,0.0111012998127198));
#3588=CARTESIAN_POINT('',(0.02036,-0.0207916403984963,0.0102338736813167));
#3589=CARTESIAN_POINT('',(-0.013502,-0.0204107036302058,0.0112656499063599));
#3590=CARTESIAN_POINT('',(-0.013502,-0.0197973407305123,0.01143));
#3591=CARTESIAN_POINT('',(0.02036,-0.0197973407305123,0.01143));
#3592=CARTESIAN_POINT('',(0.02036,-0.0204107036302058,0.0112656499063599));
#3593=CARTESIAN_POINT('',(-0.013502,-0.0199616908241524,0.0120433628996936));
#3594=CARTESIAN_POINT('',(-0.013502,-0.0201260409177925,0.0126567257993871));
#3595=CARTESIAN_POINT('',(0.02036,-0.0201260409177925,0.0126567257993871));
#3596=CARTESIAN_POINT('',(0.02036,-0.0199616908241524,0.0120433628996936));
#3597=CARTESIAN_POINT('',(-0.013502,-0.0192586147863893,0.0128891519307902));
#3598=CARTESIAN_POINT('',(0.02036,-0.0192586147863893,0.0128891519307902));
#3599=CARTESIAN_POINT('',(0.02036,0.019685,0.));
#3600=CARTESIAN_POINT('',(0.02036,0.,0.));
#3601=CARTESIAN_POINT('',(0.02036,-0.0202802736667926,0.00127));
#3602=CARTESIAN_POINT('',(0.02036,-0.020955,0.00127));
#3603=CARTESIAN_POINT('',(0.02036,-0.02159,0.00127));
#3604=CARTESIAN_POINT('',(0.02036,-0.0220390128060534,0.00171901280605346));
#3605=CARTESIAN_POINT('',(0.02036,-0.0224880256121069,0.00216802561210691));
#3606=CARTESIAN_POINT('',(0.02036,-0.023123025612107,0.00153302561210691));
#3607=CARTESIAN_POINT('',(0.02036,-0.023758025612107,0.000898025612106916));
#3608=CARTESIAN_POINT('',(0.02036,-0.0233090128060535,0.00044901280605346));
#3609=CARTESIAN_POINT('',(0.02036,-0.02286,1.56125112837912E-17));
#3610=CARTESIAN_POINT('',(0.02036,-0.0233090128060535,-0.000449012806053453));
#3611=CARTESIAN_POINT('',(0.02036,-0.023758025612107,-0.000898025612106914));
#3612=CARTESIAN_POINT('',(0.02036,-0.023123025612107,-0.00153302561210691));
#3613=CARTESIAN_POINT('',(0.02036,-0.022488025612107,-0.00216802561210691));
#3614=CARTESIAN_POINT('',(0.02036,-0.0220390128060534,-0.00171901280605346));
#3615=CARTESIAN_POINT('',(0.02036,-0.02159,-0.00127));
#3616=CARTESIAN_POINT('',(0.02036,-0.020955,-0.00127));
#3617=CARTESIAN_POINT('',(0.02036,-0.0202802736667926,-0.00127));
#3618=CARTESIAN_POINT('',(0.02036,0.,0.));
#3619=CARTESIAN_POINT('',(0.02036,-0.018198232191143,-0.00904028457059004));
#3620=CARTESIAN_POINT('',(0.02036,-0.0187825623363029,-0.00937764773719376));
#3621=CARTESIAN_POINT('',(0.02036,-0.0193324884677061,-0.00969514773719376));
#3622=CARTESIAN_POINT('',(0.02036,-0.0199458513673996,-0.00953079764355366));
#3623=CARTESIAN_POINT('',(0.02036,-0.0205592142670931,-0.00936644754991357));
#3624=CARTESIAN_POINT('',(0.02036,-0.0207916403984963,-0.0102338736813167));
#3625=CARTESIAN_POINT('',(0.02036,-0.0210240665298994,-0.0111012998127198));
#3626=CARTESIAN_POINT('',(0.02036,-0.0204107036302058,-0.0112656499063599));
#3627=CARTESIAN_POINT('',(0.02036,-0.0197973407305123,-0.01143));
#3628=CARTESIAN_POINT('',(0.02036,-0.0199616908241524,-0.0120433628996936));
#3629=CARTESIAN_POINT('',(0.02036,-0.0201260409177925,-0.0126567257993871));
#3630=CARTESIAN_POINT('',(0.02036,-0.0192586147863893,-0.0128891519307902));
#3631=CARTESIAN_POINT('',(0.02036,-0.0183911886549863,-0.0131215780621934));
#3632=CARTESIAN_POINT('',(0.02036,-0.0182268385613461,-0.0125082151624998));
#3633=CARTESIAN_POINT('',(0.02036,-0.0180624884677061,-0.0118948522628062));
#3634=CARTESIAN_POINT('',(0.02036,-0.0175125623363029,-0.0115773522628062));
#3635=CARTESIAN_POINT('',(0.02036,-0.016928232191143,-0.0112399890962025));
#3636=CARTESIAN_POINT('',(0.02036,0.,0.));
#3637=CARTESIAN_POINT('',(0.02036,-0.0112399890962025,-0.016928232191143));
#3638=CARTESIAN_POINT('',(0.02036,-0.0115773522628062,-0.0175125623363029));
#3639=CARTESIAN_POINT('',(0.02036,-0.0118948522628062,-0.0180624884677061));
#3640=CARTESIAN_POINT('',(0.02036,-0.0125082151624998,-0.0182268385613461));
#3641=CARTESIAN_POINT('',(0.02036,-0.0131215780621934,-0.0183911886549863));
#3642=CARTESIAN_POINT('',(0.02036,-0.0128891519307902,-0.0192586147863893));
#3643=CARTESIAN_POINT('',(0.02036,-0.0126567257993871,-0.0201260409177925));
#3644=CARTESIAN_POINT('',(0.02036,-0.0120433628996936,-0.0199616908241523));
#3645=CARTESIAN_POINT('',(0.02036,-0.01143,-0.0197973407305123));
#3646=CARTESIAN_POINT('',(0.02036,-0.0112656499063599,-0.0204107036302058));
#3647=CARTESIAN_POINT('',(0.02036,-0.0111012998127198,-0.0210240665298994));
#3648=CARTESIAN_POINT('',(0.02036,-0.0102338736813167,-0.0207916403984963));
#3649=CARTESIAN_POINT('',(0.02036,-0.00936644754991358,-0.0205592142670931));
#3650=CARTESIAN_POINT('',(0.02036,-0.00953079764355368,-0.0199458513673996));
#3651=CARTESIAN_POINT('',(0.02036,-0.00969514773719378,-0.0193324884677061));
#3652=CARTESIAN_POINT('',(0.02036,-0.00937764773719378,-0.0187825623363029));
#3653=CARTESIAN_POINT('',(0.02036,-0.00904028457059006,-0.018198232191143));
#3654=CARTESIAN_POINT('',(0.02036,0.,0.));
#3655=CARTESIAN_POINT('',(0.02036,-0.00127,-0.0202802736667926));
#3656=CARTESIAN_POINT('',(0.02036,-0.00127,-0.020955));
#3657=CARTESIAN_POINT('',(0.02036,-0.00127,-0.02159));
#3658=CARTESIAN_POINT('',(0.02036,-0.00171901280605346,-0.0220390128060534));
#3659=CARTESIAN_POINT('',(0.02036,-0.00216802561210691,-0.022488025612107));
#3660=CARTESIAN_POINT('',(0.02036,-0.00153302561210692,-0.023123025612107));
#3661=CARTESIAN_POINT('',(0.02036,-0.000898025612106917,-0.023758025612107));
#3662=CARTESIAN_POINT('',(0.02036,-0.000449012806053461,-0.0233090128060535));
#3663=CARTESIAN_POINT('',(0.02036,-1.56125112837912E-17,-0.02286));
#3664=CARTESIAN_POINT('',(0.02036,0.000449012806053454,-0.0233090128060535));
#3665=CARTESIAN_POINT('',(0.02036,0.000898025612106917,-0.023758025612107));
#3666=CARTESIAN_POINT('',(0.02036,0.00153302561210692,-0.023123025612107));
#3667=CARTESIAN_POINT('',(0.02036,0.00216802561210691,-0.022488025612107));
#3668=CARTESIAN_POINT('',(0.02036,0.00171901280605346,-0.0220390128060534));
#3669=CARTESIAN_POINT('',(0.02036,0.00127,-0.02159));
#3670=CARTESIAN_POINT('',(0.02036,0.00127,-0.020955));
#3671=CARTESIAN_POINT('',(0.02036,0.00127,-0.0202802736667926));
#3672=CARTESIAN_POINT('',(0.02036,0.,0.));
#3673=CARTESIAN_POINT('',(0.02036,0.00904028457059005,-0.018198232191143));
#3674=CARTESIAN_POINT('',(0.02036,0.00937764773719376,-0.0187825623363029));
#3675=CARTESIAN_POINT('',(0.02036,0.00969514773719376,-0.0193324884677061));
#3676=CARTESIAN_POINT('',(0.02036,0.00953079764355366,-0.0199458513673996));
#3677=CARTESIAN_POINT('',(0.02036,0.00936644754991356,-0.0205592142670931));
#3678=CARTESIAN_POINT('',(0.02036,0.0102338736813167,-0.0207916403984963));
#3679=CARTESIAN_POINT('',(0.02036,0.0111012998127198,-0.0210240665298994));
#3680=CARTESIAN_POINT('',(0.02036,0.0112656499063599,-0.0204107036302058));
#3681=CARTESIAN_POINT('',(0.02036,0.01143,-0.0197973407305123));
#3682=CARTESIAN_POINT('',(0.02036,0.0120433628996936,-0.0199616908241524));
#3683=CARTESIAN_POINT('',(0.02036,0.0126567257993871,-0.0201260409177925));
#3684=CARTESIAN_POINT('',(0.02036,0.0128891519307902,-0.0192586147863893));
#3685=CARTESIAN_POINT('',(0.02036,0.0131215780621933,-0.0183911886549863));
#3686=CARTESIAN_POINT('',(0.02036,0.0125082151624998,-0.0182268385613461));
#3687=CARTESIAN_POINT('',(0.02036,0.0118948522628062,-0.0180624884677061));
#3688=CARTESIAN_POINT('',(0.02036,0.0115773522628062,-0.0175125623363029));
#3689=CARTESIAN_POINT('',(0.02036,0.0112399890962025,-0.016928232191143));
#3690=CARTESIAN_POINT('',(0.02036,0.,0.));
#3691=CARTESIAN_POINT('',(0.02036,0.016928232191143,-0.0112399890962025));
#3692=CARTESIAN_POINT('',(0.02036,0.0175125623363029,-0.0115773522628062));
#3693=CARTESIAN_POINT('',(0.02036,0.0180624884677061,-0.0118948522628062));
#3694=CARTESIAN_POINT('',(0.02036,0.0182268385613461,-0.0125082151624998));
#3695=CARTESIAN_POINT('',(0.02036,0.0183911886549863,-0.0131215780621934));
#3696=CARTESIAN_POINT('',(0.02036,0.0192586147863893,-0.0128891519307902));
#3697=CARTESIAN_POINT('',(0.02036,0.0201260409177925,-0.0126567257993871));
#3698=CARTESIAN_POINT('',(0.02036,0.0199616908241523,-0.0120433628996936));
#3699=CARTESIAN_POINT('',(0.02036,0.0197973407305123,-0.01143));
#3700=CARTESIAN_POINT('',(0.02036,0.0204107036302058,-0.0112656499063599));
#3701=CARTESIAN_POINT('',(0.02036,0.0210240665298994,-0.0111012998127198));
#3702=CARTESIAN_POINT('',(0.02036,0.0207916403984963,-0.0102338736813167));
#3703=CARTESIAN_POINT('',(0.02036,0.0205592142670931,-0.00936644754991358));
#3704=CARTESIAN_POINT('',(0.02036,0.0199458513673996,-0.00953079764355368));
#3705=CARTESIAN_POINT('',(0.02036,0.0193324884677061,-0.00969514773719378));
#3706=CARTESIAN_POINT('',(0.02036,0.0187825623363029,-0.00937764773719378));
#3707=CARTESIAN_POINT('',(0.02036,0.018198232191143,-0.00904028457059006));
#3708=CARTESIAN_POINT('',(0.02036,0.,0.));
#3709=CARTESIAN_POINT('',(0.02036,0.0202802736667926,-0.00127));
#3710=CARTESIAN_POINT('',(0.02036,0.020955,-0.00127));
#3711=CARTESIAN_POINT('',(0.02036,0.02159,-0.00127));
#3712=CARTESIAN_POINT('',(0.02036,0.0220390128060534,-0.00171901280605346));
#3713=CARTESIAN_POINT('',(0.02036,0.0224880256121069,-0.00216802561210692));
#3714=CARTESIAN_POINT('',(0.02036,0.023123025612107,-0.00153302561210692));
#3715=CARTESIAN_POINT('',(0.02036,0.023758025612107,-0.000898025612106918));
#3716=CARTESIAN_POINT('',(0.02036,0.0233090128060535,-0.000449012806053462));
#3717=CARTESIAN_POINT('',(0.02036,0.02286,-1.21430643318376E-17));
#3718=CARTESIAN_POINT('',(0.02036,0.0233090128060535,0.000449012806053452));
#3719=CARTESIAN_POINT('',(0.02036,0.023758025612107,0.000898025612106914));
#3720=CARTESIAN_POINT('',(0.02036,0.023123025612107,0.00153302561210691));
#3721=CARTESIAN_POINT('',(0.02036,0.022488025612107,0.00216802561210691));
#3722=CARTESIAN_POINT('',(0.02036,0.0220390128060534,0.00171901280605346));
#3723=CARTESIAN_POINT('',(0.02036,0.02159,0.00127));
#3724=CARTESIAN_POINT('',(0.02036,0.020955,0.00127));
#3725=CARTESIAN_POINT('',(0.02036,0.0202802736667926,0.00127));
#3726=CARTESIAN_POINT('',(0.02036,0.,0.));
#3727=CARTESIAN_POINT('',(0.02036,0.018198232191143,0.00904028457059003));
#3728=CARTESIAN_POINT('',(0.02036,0.0187825623363029,0.00937764773719376));
#3729=CARTESIAN_POINT('',(0.02036,0.0193324884677061,0.00969514773719376));
#3730=CARTESIAN_POINT('',(0.02036,0.0199458513673996,0.00953079764355365));
#3731=CARTESIAN_POINT('',(0.02036,0.0205592142670931,0.00936644754991355));
#3732=CARTESIAN_POINT('',(0.02036,0.0207916403984963,0.0102338736813167));
#3733=CARTESIAN_POINT('',(0.02036,0.0210240665298994,0.0111012998127198));
#3734=CARTESIAN_POINT('',(0.02036,0.0204107036302058,0.0112656499063599));
#3735=CARTESIAN_POINT('',(0.02036,0.0197973407305123,0.01143));
#3736=CARTESIAN_POINT('',(0.02036,0.0199616908241524,0.0120433628996935));
#3737=CARTESIAN_POINT('',(0.02036,0.0201260409177925,0.0126567257993871));
#3738=CARTESIAN_POINT('',(0.02036,0.0192586147863893,0.0128891519307902));
#3739=CARTESIAN_POINT('',(0.02036,0.0183911886549863,0.0131215780621933));
#3740=CARTESIAN_POINT('',(0.02036,0.0182268385613461,0.0125082151624998));
#3741=CARTESIAN_POINT('',(0.02036,0.0180624884677061,0.0118948522628062));
#3742=CARTESIAN_POINT('',(0.02036,0.0175125623363029,0.0115773522628062));
#3743=CARTESIAN_POINT('',(0.02036,0.016928232191143,0.0112399890962025));
#3744=CARTESIAN_POINT('',(0.02036,0.,0.));
#3745=CARTESIAN_POINT('',(0.02036,0.0112399890962025,0.016928232191143));
#3746=CARTESIAN_POINT('',(0.02036,0.0115773522628062,0.0175125623363029));
#3747=CARTESIAN_POINT('',(0.02036,0.0118948522628062,0.0180624884677061));
#3748=CARTESIAN_POINT('',(0.02036,0.0125082151624998,0.0182268385613461));
#3749=CARTESIAN_POINT('',(0.02036,0.0131215780621933,0.0183911886549863));
#3750=CARTESIAN_POINT('',(0.02036,0.0128891519307902,0.0192586147863893));
#3751=CARTESIAN_POINT('',(0.02036,0.0126567257993871,0.0201260409177925));
#3752=CARTESIAN_POINT('',(0.02036,0.0120433628996936,0.0199616908241524));
#3753=CARTESIAN_POINT('',(0.02036,0.01143,0.0197973407305123));
#3754=CARTESIAN_POINT('',(0.02036,0.0112656499063599,0.0204107036302058));
#3755=CARTESIAN_POINT('',(0.02036,0.0111012998127198,0.0210240665298994));
#3756=CARTESIAN_POINT('',(0.02036,0.0102338736813167,0.0207916403984963));
#3757=CARTESIAN_POINT('',(0.02036,0.00936644754991356,0.0205592142670931));
#3758=CARTESIAN_POINT('',(0.02036,0.00953079764355367,0.0199458513673996));
#3759=CARTESIAN_POINT('',(0.02036,0.00969514773719377,0.0193324884677061));
#3760=CARTESIAN_POINT('',(0.02036,0.00937764773719377,0.0187825623363029));
#3761=CARTESIAN_POINT('',(0.02036,0.00904028457059005,0.018198232191143));
#3762=CARTESIAN_POINT('',(0.02036,0.,0.));
#3763=CARTESIAN_POINT('',(0.02036,0.00127,0.0202802736667926));
#3764=CARTESIAN_POINT('',(0.02036,0.00127,0.020955));
#3765=CARTESIAN_POINT('',(0.02036,0.00127,0.02159));
#3766=CARTESIAN_POINT('',(0.02036,0.00171901280605346,0.0220390128060534));
#3767=CARTESIAN_POINT('',(0.02036,0.00216802561210691,0.0224880256121069));
#3768=CARTESIAN_POINT('',(0.02036,0.00153302561210691,0.023123025612107));
#3769=CARTESIAN_POINT('',(0.02036,0.000898025612106917,0.023758025612107));
#3770=CARTESIAN_POINT('',(0.02036,0.000449012806053459,0.0233090128060535));
#3771=CARTESIAN_POINT('',(0.02036,-1.7347234759768E-18,0.02286));
#3772=CARTESIAN_POINT('',(0.02036,-0.000449012806053456,0.0233090128060535));
#3773=CARTESIAN_POINT('',(0.02036,-0.000898025612106912,0.023758025612107));
#3774=CARTESIAN_POINT('',(0.02036,-0.00153302561210692,0.023123025612107));
#3775=CARTESIAN_POINT('',(0.02036,-0.00216802561210691,0.022488025612107));
#3776=CARTESIAN_POINT('',(0.02036,-0.00171901280605346,0.0220390128060534));
#3777=CARTESIAN_POINT('',(0.02036,-0.00127,0.02159));
#3778=CARTESIAN_POINT('',(0.02036,-0.00127,0.020955));
#3779=CARTESIAN_POINT('',(0.02036,-0.00127,0.0202802736667926));
#3780=CARTESIAN_POINT('',(0.02036,0.,0.));
#3781=CARTESIAN_POINT('',(0.02036,-0.00904028457059004,0.018198232191143));
#3782=CARTESIAN_POINT('',(0.02036,-0.00937764773719377,0.0187825623363029));
#3783=CARTESIAN_POINT('',(0.02036,-0.00969514773719377,0.0193324884677061));
#3784=CARTESIAN_POINT('',(0.02036,-0.00953079764355367,0.0199458513673996));
#3785=CARTESIAN_POINT('',(0.02036,-0.00936644754991357,0.0205592142670931));
#3786=CARTESIAN_POINT('',(0.02036,-0.0102338736813167,0.0207916403984963));
#3787=CARTESIAN_POINT('',(0.02036,-0.0111012998127198,0.0210240665298994));
#3788=CARTESIAN_POINT('',(0.02036,-0.0112656499063599,0.0204107036302058));
#3789=CARTESIAN_POINT('',(0.02036,-0.01143,0.0197973407305123));
#3790=CARTESIAN_POINT('',(0.02036,-0.0120433628996936,0.0199616908241524));
#3791=CARTESIAN_POINT('',(0.02036,-0.0126567257993871,0.0201260409177925));
#3792=CARTESIAN_POINT('',(0.02036,-0.0128891519307902,0.0192586147863894));
#3793=CARTESIAN_POINT('',(0.02036,-0.0131215780621934,0.0183911886549863));
#3794=CARTESIAN_POINT('',(0.02036,-0.0125082151624998,0.0182268385613461));
#3795=CARTESIAN_POINT('',(0.02036,-0.0118948522628062,0.0180624884677061));
#3796=CARTESIAN_POINT('',(0.02036,-0.0115773522628062,0.0175125623363029));
#3797=CARTESIAN_POINT('',(0.02036,-0.0112399890962025,0.016928232191143));
#3798=CARTESIAN_POINT('',(0.02036,0.,0.));
#3799=CARTESIAN_POINT('',(0.02036,0.,0.));
#3800=CARTESIAN_POINT('',(0.02036,0.,0.01905));
#3801=CARTESIAN_POINT('',(-0.0254,0.,0.));
#3802=CARTESIAN_POINT('',(-0.0254,-0.0112399890962025,0.016928232191143));
#3803=CARTESIAN_POINT('',(-0.013502,-0.020955,0.00127));
#3804=CARTESIAN_POINT('',(-0.0254,-0.0202802736667926,0.00127));
#3805=CARTESIAN_POINT('',(-0.013502,-0.02159,0.00127));
#3806=CARTESIAN_POINT('',(-0.013502,-0.020955,-0.00127));
#3807=CARTESIAN_POINT('',(-0.013502,-0.02159,-0.00127));
#3808=CARTESIAN_POINT('',(-0.0254,-0.0202802736667926,-0.00127));
#3809=CARTESIAN_POINT('',(-0.013502,-0.0220390128060534,-0.00171901280605346));
#3810=CARTESIAN_POINT('',(-0.013502,-0.022488025612107,-0.00216802561210691));
#3811=CARTESIAN_POINT('',(-0.013502,-0.0220390128060534,0.00171901280605346));
#3812=CARTESIAN_POINT('',(-0.013502,-0.0224880256121069,0.00216802561210691));
#3813=CARTESIAN_POINT('',(-0.013502,-0.023123025612107,-0.00153302561210691));
#3814=CARTESIAN_POINT('',(-0.013502,-0.023758025612107,-0.000898025612106914));
#3815=CARTESIAN_POINT('',(-0.013502,-0.0233090128060535,-0.000449012806053453));
#3816=CARTESIAN_POINT('',(-0.013502,-0.02286,1.56125112837912E-17));
#3817=CARTESIAN_POINT('',(-0.013502,-0.0233090128060535,0.00044901280605346));
#3818=CARTESIAN_POINT('',(-0.013502,-0.023758025612107,0.000898025612106916));
#3819=CARTESIAN_POINT('',(-0.013502,-0.023123025612107,0.00153302561210691));
#3820=CARTESIAN_POINT('',(-0.0254,0.,0.));
#3821=CARTESIAN_POINT('',(-0.013502,-0.0199458513673996,-0.00953079764355366));
#3822=CARTESIAN_POINT('',(-0.013502,-0.0193324884677061,-0.00969514773719376));
#3823=CARTESIAN_POINT('',(-0.013502,-0.0205592142670931,-0.00936644754991357));
#3824=CARTESIAN_POINT('',(-0.013502,-0.0207916403984963,-0.0102338736813167));
#3825=CARTESIAN_POINT('',(-0.013502,-0.0210240665298994,-0.0111012998127198));
#3826=CARTESIAN_POINT('',(-0.013502,-0.0187825623363029,-0.00937764773719376));
#3827=CARTESIAN_POINT('',(-0.0254,-0.018198232191143,-0.00904028457059004));
#3828=CARTESIAN_POINT('',(-0.013502,-0.0204107036302058,-0.0112656499063599));
#3829=CARTESIAN_POINT('',(-0.013502,-0.0197973407305123,-0.01143));
#3830=CARTESIAN_POINT('',(-0.013502,-0.0175125623363029,-0.0115773522628062));
#3831=CARTESIAN_POINT('',(-0.013502,-0.0180624884677061,-0.0118948522628062));
#3832=CARTESIAN_POINT('',(-0.0254,-0.016928232191143,-0.0112399890962025));
#3833=CARTESIAN_POINT('',(-0.013502,-0.0182268385613461,-0.0125082151624998));
#3834=CARTESIAN_POINT('',(-0.013502,-0.0183911886549863,-0.0131215780621934));
#3835=CARTESIAN_POINT('',(-0.013502,-0.0192586147863893,-0.0128891519307902));
#3836=CARTESIAN_POINT('',(-0.013502,-0.0201260409177925,-0.0126567257993871));
#3837=CARTESIAN_POINT('',(-0.013502,-0.0199616908241524,-0.0120433628996936));
#3838=CARTESIAN_POINT('',(-0.0254,0.,0.));
#3839=CARTESIAN_POINT('',(-0.013502,-0.0115773522628062,-0.0175125623363029));
#3840=CARTESIAN_POINT('',(-0.0254,-0.0112399890962025,-0.016928232191143));
#3841=CARTESIAN_POINT('',(-0.013502,-0.0118948522628062,-0.0180624884677061));
#3842=CARTESIAN_POINT('',(-0.013502,-0.00937764773719378,-0.0187825623363029));
#3843=CARTESIAN_POINT('',(-0.013502,-0.00969514773719378,-0.0193324884677061));
#3844=CARTESIAN_POINT('',(-0.0254,-0.00904028457059006,-0.018198232191143));
#3845=CARTESIAN_POINT('',(-0.013502,-0.00953079764355368,-0.0199458513673996));
#3846=CARTESIAN_POINT('',(-0.013502,-0.00936644754991358,-0.0205592142670931));
#3847=CARTESIAN_POINT('',(-0.013502,-0.0125082151624998,-0.0182268385613461));
#3848=CARTESIAN_POINT('',(-0.013502,-0.0131215780621934,-0.0183911886549863));
#3849=CARTESIAN_POINT('',(-0.013502,-0.0102338736813167,-0.0207916403984963));
#3850=CARTESIAN_POINT('',(-0.013502,-0.0111012998127198,-0.0210240665298994));
#3851=CARTESIAN_POINT('',(-0.013502,-0.0112656499063599,-0.0204107036302058));
#3852=CARTESIAN_POINT('',(-0.013502,-0.01143,-0.0197973407305123));
#3853=CARTESIAN_POINT('',(-0.013502,-0.0120433628996936,-0.0199616908241523));
#3854=CARTESIAN_POINT('',(-0.013502,-0.0126567257993871,-0.0201260409177925));
#3855=CARTESIAN_POINT('',(-0.013502,-0.0128891519307902,-0.0192586147863893));
#3856=CARTESIAN_POINT('',(-0.0254,0.,0.));
#3857=CARTESIAN_POINT('',(-0.013502,-0.00127,-0.020955));
#3858=CARTESIAN_POINT('',(-0.0254,-0.00127,-0.0202802736667926));
#3859=CARTESIAN_POINT('',(-0.013502,-0.00127,-0.02159));
#3860=CARTESIAN_POINT('',(-0.013502,0.00127,-0.020955));
#3861=CARTESIAN_POINT('',(-0.013502,0.00127,-0.02159));
#3862=CARTESIAN_POINT('',(-0.0254,0.00127,-0.0202802736667926));
#3863=CARTESIAN_POINT('',(-0.013502,0.00171901280605346,-0.0220390128060534));
#3864=CARTESIAN_POINT('',(-0.013502,0.00216802561210691,-0.022488025612107));
#3865=CARTESIAN_POINT('',(-0.013502,-0.00171901280605346,-0.0220390128060534));
#3866=CARTESIAN_POINT('',(-0.013502,-0.00216802561210691,-0.022488025612107));
#3867=CARTESIAN_POINT('',(-0.013502,0.00153302561210692,-0.023123025612107));
#3868=CARTESIAN_POINT('',(-0.013502,0.000898025612106917,-0.023758025612107));
#3869=CARTESIAN_POINT('',(-0.013502,0.000449012806053454,-0.0233090128060535));
#3870=CARTESIAN_POINT('',(-0.013502,-1.56125112837912E-17,-0.02286));
#3871=CARTESIAN_POINT('',(-0.013502,-0.000449012806053461,-0.0233090128060535));
#3872=CARTESIAN_POINT('',(-0.013502,-0.000898025612106917,-0.023758025612107));
#3873=CARTESIAN_POINT('',(-0.013502,-0.00153302561210692,-0.023123025612107));
#3874=CARTESIAN_POINT('',(-0.0254,0.,0.));
#3875=CARTESIAN_POINT('',(-0.013502,0.00937764773719376,-0.0187825623363029));
#3876=CARTESIAN_POINT('',(-0.0254,0.00904028457059005,-0.018198232191143));
#3877=CARTESIAN_POINT('',(-0.013502,0.00969514773719376,-0.0193324884677061));
#3878=CARTESIAN_POINT('',(-0.013502,0.0115773522628062,-0.0175125623363029));
#3879=CARTESIAN_POINT('',(-0.013502,0.0118948522628062,-0.0180624884677061));
#3880=CARTESIAN_POINT('',(-0.0254,0.0112399890962025,-0.016928232191143));
#3881=CARTESIAN_POINT('',(-0.013502,0.0125082151624998,-0.0182268385613461));
#3882=CARTESIAN_POINT('',(-0.013502,0.0131215780621933,-0.0183911886549863));
#3883=CARTESIAN_POINT('',(-0.013502,0.00953079764355366,-0.0199458513673996));
#3884=CARTESIAN_POINT('',(-0.013502,0.00936644754991356,-0.0205592142670931));
#3885=CARTESIAN_POINT('',(-0.013502,0.0128891519307902,-0.0192586147863893));
#3886=CARTESIAN_POINT('',(-0.013502,0.0126567257993871,-0.0201260409177925));
#3887=CARTESIAN_POINT('',(-0.013502,0.0120433628996936,-0.0199616908241524));
#3888=CARTESIAN_POINT('',(-0.013502,0.01143,-0.0197973407305123));
#3889=CARTESIAN_POINT('',(-0.013502,0.0112656499063599,-0.0204107036302058));
#3890=CARTESIAN_POINT('',(-0.013502,0.0111012998127198,-0.0210240665298994));
#3891=CARTESIAN_POINT('',(-0.013502,0.0102338736813167,-0.0207916403984963));
#3892=CARTESIAN_POINT('',(-0.0254,0.,0.));
#3893=CARTESIAN_POINT('',(-0.013502,0.0175125623363029,-0.0115773522628062));
#3894=CARTESIAN_POINT('',(-0.0254,0.016928232191143,-0.0112399890962025));
#3895=CARTESIAN_POINT('',(-0.013502,0.0180624884677061,-0.0118948522628062));
#3896=CARTESIAN_POINT('',(-0.013502,0.0187825623363029,-0.00937764773719378));
#3897=CARTESIAN_POINT('',(-0.013502,0.0193324884677061,-0.00969514773719378));
#3898=CARTESIAN_POINT('',(-0.0254,0.018198232191143,-0.00904028457059006));
#3899=CARTESIAN_POINT('',(-0.013502,0.0199458513673996,-0.00953079764355368));
#3900=CARTESIAN_POINT('',(-0.013502,0.0205592142670931,-0.00936644754991358));
#3901=CARTESIAN_POINT('',(-0.013502,0.0182268385613461,-0.0125082151624998));
#3902=CARTESIAN_POINT('',(-0.013502,0.0183911886549863,-0.0131215780621934));
#3903=CARTESIAN_POINT('',(-0.013502,0.0207916403984963,-0.0102338736813167));
#3904=CARTESIAN_POINT('',(-0.013502,0.0210240665298994,-0.0111012998127198));
#3905=CARTESIAN_POINT('',(-0.013502,0.0204107036302058,-0.0112656499063599));
#3906=CARTESIAN_POINT('',(-0.013502,0.0197973407305123,-0.01143));
#3907=CARTESIAN_POINT('',(-0.013502,0.0199616908241523,-0.0120433628996936));
#3908=CARTESIAN_POINT('',(-0.013502,0.0201260409177925,-0.0126567257993871));
#3909=CARTESIAN_POINT('',(-0.013502,0.0192586147863893,-0.0128891519307902));
#3910=CARTESIAN_POINT('',(-0.0254,0.,0.));
#3911=CARTESIAN_POINT('',(-0.013502,0.020955,-0.00127));
#3912=CARTESIAN_POINT('',(-0.0254,0.0202802736667926,-0.00127));
#3913=CARTESIAN_POINT('',(-0.013502,0.02159,-0.00127));
#3914=CARTESIAN_POINT('',(-0.013502,0.020955,0.00127));
#3915=CARTESIAN_POINT('',(-0.013502,0.02159,0.00127));
#3916=CARTESIAN_POINT('',(-0.0254,0.0202802736667926,0.00127));
#3917=CARTESIAN_POINT('',(-0.013502,0.0220390128060534,0.00171901280605346));
#3918=CARTESIAN_POINT('',(-0.013502,0.022488025612107,0.00216802561210691));
#3919=CARTESIAN_POINT('',(-0.013502,0.0220390128060534,-0.00171901280605346));
#3920=CARTESIAN_POINT('',(-0.013502,0.0224880256121069,-0.00216802561210692));
#3921=CARTESIAN_POINT('',(-0.013502,0.023123025612107,0.00153302561210691));
#3922=CARTESIAN_POINT('',(-0.013502,0.023758025612107,0.000898025612106914));
#3923=CARTESIAN_POINT('',(-0.013502,0.0233090128060535,0.000449012806053452));
#3924=CARTESIAN_POINT('',(-0.013502,0.02286,-1.21430643318376E-17));
#3925=CARTESIAN_POINT('',(-0.013502,0.0233090128060535,-0.000449012806053462));
#3926=CARTESIAN_POINT('',(-0.013502,0.023758025612107,-0.000898025612106918));
#3927=CARTESIAN_POINT('',(-0.013502,0.023123025612107,-0.00153302561210692));
#3928=CARTESIAN_POINT('',(-0.0254,0.,0.));
#3929=CARTESIAN_POINT('',(-0.013502,0.0187825623363029,0.00937764773719376));
#3930=CARTESIAN_POINT('',(-0.0254,0.018198232191143,0.00904028457059003));
#3931=CARTESIAN_POINT('',(-0.013502,0.0193324884677061,0.00969514773719376));
#3932=CARTESIAN_POINT('',(-0.013502,0.0175125623363029,0.0115773522628062));
#3933=CARTESIAN_POINT('',(-0.013502,0.0180624884677061,0.0118948522628062));
#3934=CARTESIAN_POINT('',(-0.0254,0.016928232191143,0.0112399890962025));
#3935=CARTESIAN_POINT('',(-0.013502,0.0182268385613461,0.0125082151624998));
#3936=CARTESIAN_POINT('',(-0.013502,0.0183911886549863,0.0131215780621933));
#3937=CARTESIAN_POINT('',(-0.013502,0.0199458513673996,0.00953079764355365));
#3938=CARTESIAN_POINT('',(-0.013502,0.0205592142670931,0.00936644754991355));
#3939=CARTESIAN_POINT('',(-0.013502,0.0192586147863893,0.0128891519307902));
#3940=CARTESIAN_POINT('',(-0.013502,0.0201260409177925,0.0126567257993871));
#3941=CARTESIAN_POINT('',(-0.013502,0.0199616908241524,0.0120433628996935));
#3942=CARTESIAN_POINT('',(-0.013502,0.0197973407305123,0.01143));
#3943=CARTESIAN_POINT('',(-0.013502,0.0204107036302058,0.0112656499063599));
#3944=CARTESIAN_POINT('',(-0.013502,0.0210240665298994,0.0111012998127198));
#3945=CARTESIAN_POINT('',(-0.013502,0.0207916403984963,0.0102338736813167));
#3946=CARTESIAN_POINT('',(-0.0254,0.,0.));
#3947=CARTESIAN_POINT('',(-0.013502,0.0115773522628062,0.0175125623363029));
#3948=CARTESIAN_POINT('',(-0.0254,0.0112399890962025,0.016928232191143));
#3949=CARTESIAN_POINT('',(-0.013502,0.0118948522628062,0.0180624884677061));
#3950=CARTESIAN_POINT('',(-0.013502,0.00937764773719377,0.0187825623363029));
#3951=CARTESIAN_POINT('',(-0.013502,0.00969514773719377,0.0193324884677061));
#3952=CARTESIAN_POINT('',(-0.0254,0.00904028457059005,0.018198232191143));
#3953=CARTESIAN_POINT('',(-0.013502,0.00953079764355367,0.0199458513673996));
#3954=CARTESIAN_POINT('',(-0.013502,0.00936644754991356,0.0205592142670931));
#3955=CARTESIAN_POINT('',(-0.013502,0.0125082151624998,0.0182268385613461));
#3956=CARTESIAN_POINT('',(-0.013502,0.0131215780621933,0.0183911886549863));
#3957=CARTESIAN_POINT('',(-0.013502,0.0102338736813167,0.0207916403984963));
#3958=CARTESIAN_POINT('',(-0.013502,0.0111012998127198,0.0210240665298994));
#3959=CARTESIAN_POINT('',(-0.013502,0.0112656499063599,0.0204107036302058));
#3960=CARTESIAN_POINT('',(-0.013502,0.01143,0.0197973407305123));
#3961=CARTESIAN_POINT('',(-0.013502,0.0120433628996936,0.0199616908241524));
#3962=CARTESIAN_POINT('',(-0.013502,0.0126567257993871,0.0201260409177925));
#3963=CARTESIAN_POINT('',(-0.013502,0.0128891519307902,0.0192586147863893));
#3964=CARTESIAN_POINT('',(-0.0254,0.,0.));
#3965=CARTESIAN_POINT('',(-0.013502,0.00171901280605346,0.0220390128060534));
#3966=CARTESIAN_POINT('',(-0.013502,0.00127,0.02159));
#3967=CARTESIAN_POINT('',(-0.013502,0.00216802561210691,0.0224880256121069));
#3968=CARTESIAN_POINT('',(-0.013502,0.00153302561210691,0.023123025612107));
#3969=CARTESIAN_POINT('',(-0.013502,0.000898025612106917,0.023758025612107));
#3970=CARTESIAN_POINT('',(-0.013502,0.00127,0.020955));
#3971=CARTESIAN_POINT('',(-0.0254,0.00127,0.0202802736667926));
#3972=CARTESIAN_POINT('',(-0.013502,0.00127,0.020066));
#3973=CARTESIAN_POINT('',(-0.0254,0.00127,0.0202802736667926));
#3974=CARTESIAN_POINT('',(-0.013502,0.000449012806053459,0.0233090128060535));
#3975=CARTESIAN_POINT('',(-0.013502,-1.7347234759768E-18,0.02286));
#3976=CARTESIAN_POINT('',(-0.013502,-0.00127,0.020955));
#3977=CARTESIAN_POINT('',(-0.013502,-0.00127,0.02159));
#3978=CARTESIAN_POINT('',(-0.0254,-0.00127,0.0202802736667926));
#3979=CARTESIAN_POINT('',(-0.010361947513178,-0.00127,0.0202802736667926));
#3980=CARTESIAN_POINT('',(-0.010361947513178,-0.00127,0.041224995));
#3981=CARTESIAN_POINT('',(-0.010361947513178,-0.00127,0.020066));
#3982=CARTESIAN_POINT('',(-0.013502,-0.00127,0.020066));
#3983=CARTESIAN_POINT('',(-0.00601805248682202,-0.00127,0.020066));
#3984=CARTESIAN_POINT('',(-0.00601805248682202,-0.00127,0.041224995));
#3985=CARTESIAN_POINT('',(-0.00601805248682202,-0.00127,0.0202802736667926));
#3986=CARTESIAN_POINT('',(-0.0254,-0.00127,0.0202802736667926));
#3987=CARTESIAN_POINT('',(-0.013502,-0.00171901280605346,0.0220390128060534));
#3988=CARTESIAN_POINT('',(-0.013502,-0.00216802561210691,0.022488025612107));
#3989=CARTESIAN_POINT('',(-0.013502,-0.00153302561210692,0.023123025612107));
#3990=CARTESIAN_POINT('',(-0.013502,-0.000898025612106912,0.023758025612107));
#3991=CARTESIAN_POINT('',(-0.013502,-0.000449012806053456,0.0233090128060535));
#3992=CARTESIAN_POINT('',(-0.0254,0.,0.));
#3993=CARTESIAN_POINT('',(-0.013502,-0.00937764773719377,0.0187825623363029));
#3994=CARTESIAN_POINT('',(-0.0254,-0.00904028457059004,0.018198232191143));
#3995=CARTESIAN_POINT('',(-0.013502,-0.00969514773719377,0.0193324884677061));
#3996=CARTESIAN_POINT('',(-0.013502,-0.0115773522628062,0.0175125623363029));
#3997=CARTESIAN_POINT('',(-0.013502,-0.0118948522628062,0.0180624884677061));
#3998=CARTESIAN_POINT('',(-0.013502,-0.0125082151624998,0.0182268385613461));
#3999=CARTESIAN_POINT('',(-0.013502,-0.0131215780621934,0.0183911886549863));
#4000=CARTESIAN_POINT('',(-0.013502,-0.00953079764355367,0.0199458513673996));
#4001=CARTESIAN_POINT('',(-0.013502,-0.00936644754991357,0.0205592142670931));
#4002=CARTESIAN_POINT('',(-0.013502,-0.0128891519307902,0.0192586147863894));
#4003=CARTESIAN_POINT('',(-0.013502,-0.0126567257993871,0.0201260409177925));
#4004=CARTESIAN_POINT('',(-0.013502,-0.0120433628996936,0.0199616908241524));
#4005=CARTESIAN_POINT('',(-0.013502,-0.01143,0.0197973407305123));
#4006=CARTESIAN_POINT('',(-0.013502,-0.0112656499063599,0.0204107036302058));
#4007=CARTESIAN_POINT('',(-0.013502,-0.0111012998127198,0.0210240665298994));
#4008=CARTESIAN_POINT('',(-0.013502,-0.0102338736813167,0.0207916403984963));
#4009=CARTESIAN_POINT('',(-0.0254,0.,0.));
#4010=CARTESIAN_POINT('',(-0.00601805248682202,-0.00127,0.0202802736667926));
#4011=CARTESIAN_POINT('',(-0.00623755039749117,-0.00164538420568946,0.0202567661959833));
#4012=CARTESIAN_POINT('',(-0.00688139277787192,-0.00228416058082349,0.0201947188437495));
#4013=CARTESIAN_POINT('',(-0.00818853413510294,-0.00263259466250279,0.0201480255810891));
#4014=CARTESIAN_POINT('',(-0.00950347349648584,-0.00228146073623019,0.0201949840134766));
#4015=CARTESIAN_POINT('',(-0.0101416552722746,-0.00164674266519882,0.020256681125949));
#4016=CARTESIAN_POINT('',(-0.010361947513178,-0.00127,0.0202802736667926));
#4017=CARTESIAN_POINT('',(-0.00887,0.,0.));
#4018=CARTESIAN_POINT('',(-0.0008,0.,0.));
#4019=CARTESIAN_POINT('',(-0.0008,0.,-0.01651));
#4020=CARTESIAN_POINT('',(0.01782,0.,0.));
#4021=CARTESIAN_POINT('',(0.01782,0.,0.01651));
#4022=CARTESIAN_POINT('',(-0.00334,0.,0.));
#4023=CARTESIAN_POINT('',(-0.00334,-0.009095,1.04094977927525E-19));
#4024=CARTESIAN_POINT('',(-0.00334,-0.009095,-0.0017));
#4025=CARTESIAN_POINT('',(-0.00334,0.009095,1.08386679715923E-18));
#4026=CARTESIAN_POINT('',(-0.00334,0.009095,-0.0017));
#4027=CARTESIAN_POINT('',(-0.00334,0.,0.));
#4028=CARTESIAN_POINT('',(-0.00334,-0.00137003649586425,0.001627));
#4029=CARTESIAN_POINT('',(-0.00334,0.00137003649586425,0.001627));
#4030=CARTESIAN_POINT('',(-0.00334,-0.00106143676400588,0.001627));
#4031=CARTESIAN_POINT('',(-0.00334,0.,0.));
#4032=CARTESIAN_POINT('',(-0.00334,0.,-0.01397));
#4033=CARTESIAN_POINT('',(0.01782,0.,0.));
#4034=CARTESIAN_POINT('',(-0.0008,0.,0.));
#4035=CARTESIAN_POINT('',(-0.00819,3.07141417226156E-19,0.041224995));
#4036=CARTESIAN_POINT('',(-0.00819,3.07141417226156E-19,0.020066));
#4037=CARTESIAN_POINT('',(-0.00887,0.,0.));
#4038=CARTESIAN_POINT('',(-0.00887,-0.00137003649586425,0.001627));
#4039=CARTESIAN_POINT('',(-0.0088007372593841,-0.00137003649586425,0.001627));
#4040=CARTESIAN_POINT('',(-0.00880073725938411,-0.00137003649586424,0.001627));
#4041=CARTESIAN_POINT('',(-0.00861428249249502,-0.00145315462714958,0.00155700929727785));
#4042=CARTESIAN_POINT('',(-0.00819180440330732,-0.00154680789260373,0.00145906545717827));
#4043=CARTESIAN_POINT('',(-0.00776588299966165,-0.00145322840053191,0.00155694717544244));
#4044=CARTESIAN_POINT('',(-0.0075792627406159,-0.00137003649586425,0.001627));
#4045=CARTESIAN_POINT('',(-0.00757926274061591,-0.00137003649586425,0.001627));
#4046=CARTESIAN_POINT('',(-0.00887,-0.00137003649586425,0.001627));
#4047=CARTESIAN_POINT('',(-0.00887,0.00137003649586425,0.001627));
#4048=CARTESIAN_POINT('',(-0.0075792627406159,0.00137003649586425,0.001627));
#4049=CARTESIAN_POINT('',(-0.00757926274061588,0.00137003649586424,0.001627));
#4050=CARTESIAN_POINT('',(-0.00776571750750497,0.00145315462714958,0.00155700929727784));
#4051=CARTESIAN_POINT('',(-0.00818819559669269,0.00154680789260373,0.00145906545717827));
#4052=CARTESIAN_POINT('',(-0.00861411700033835,0.00145322840053191,0.00155694717544244));
#4053=CARTESIAN_POINT('',(-0.0088007372593841,0.00137003649586425,0.001627));
#4054=CARTESIAN_POINT('',(-0.0088007372593841,0.00137003649586425,0.001627));
#4055=CARTESIAN_POINT('',(-0.00887,0.00137003649586425,0.001627));
#4056=CARTESIAN_POINT('',(-0.00334,-0.00106143676400588,0.001627));
#4057=CARTESIAN_POINT('',(-0.00819,2.36365081469806E-19,0.001627));
#4058=CARTESIAN_POINT('',(-0.00819,2.36365081469806E-19,0.001627));
#4059=CARTESIAN_POINT('',(-0.00819,9.18485099360515E-20,0.0254));
#4060=CARTESIAN_POINT('',(-0.00819,9.18485099360515E-20,0.0254));
#4061=CARTESIAN_POINT('',(-0.13034,0.009095,1.08386679715923E-18));
#4062=CARTESIAN_POINT('',(-0.13034,-0.009095,1.04094977927525E-19));
#4063=CARTESIAN_POINT('',(-0.013502,0.,0.020066));
#4064=CARTESIAN_POINT('',(-0.013502,0.,0.020066));
#4065=MECHANICAL_DESIGN_GEOMETRIC_PRESENTATION_REPRESENTATION('',(#2511),#4066);
#4066=(
GEOMETRIC_REPRESENTATION_CONTEXT(3)
GLOBAL_UNCERTAINTY_ASSIGNED_CONTEXT((#4067))
GLOBAL_UNIT_ASSIGNED_CONTEXT((#4070,#4069,#4068))
REPRESENTATION_CONTEXT('Wheel','TOP_LEVEL_ASSEMBLY_PART')
);
#4067=UNCERTAINTY_MEASURE_WITH_UNIT(LENGTH_MEASURE(2.E-05),#4070,'DISTANCE_ACCURACY_VALUE','Maximum Tolerance applied to model');
#4068=(
NAMED_UNIT(*)
SI_UNIT($,.STERADIAN.)
SOLID_ANGLE_UNIT()
);
#4069=(
NAMED_UNIT(*)
PLANE_ANGLE_UNIT()
SI_UNIT($,.RADIAN.)
);
#4070=(
LENGTH_UNIT()
NAMED_UNIT(*)
SI_UNIT($,.METRE.)
);
#4071=PRODUCT_DEFINITION_SHAPE('','',#4072);
#4072=PRODUCT_DEFINITION('','',#4074,#4073);
#4073=PRODUCT_DEFINITION_CONTEXT('',#4080,'design');
#4074=PRODUCT_DEFINITION_FORMATION_WITH_SPECIFIED_SOURCE('','',#4076,.NOT_KNOWN.);
#4075=PRODUCT_RELATED_PRODUCT_CATEGORY('','',(#4076));
#4076=PRODUCT('Wheel','Wheel','Wheel',(#4078));
#4077=PRODUCT_CATEGORY('','');
#4078=PRODUCT_CONTEXT('',#4080,'mechanical');
#4079=APPLICATION_PROTOCOL_DEFINITION('international standard','ap242_managed_model_based_3d_engineering',2020,#4080);
#4080=APPLICATION_CONTEXT('managed model based 3d engineering');
ENDSEC;
END-ISO-10303-21;
